question_id,domain,condition,question,context_chars,tokens_in_context_est,context_files,cores_used,answer,latency_ms,tokens_in,tokens_out,model,accuracy,hallucination,completeness,reasoning,judge_notes
OL01,personal,A,How does Oiloop store user preferences and chat history?,400000,100000,App/AppRootView.swift;App/AppWindowActivation.swift;App/ChatExperienceView.swift;App/ConnectorPreviewSheet.swift;App/ContentView.swift;App/DiagnosticsDashboardView.swift;App/FilePreviewSheet.swift;App/FileWritePreviewSheet.swift;App/FloatingHUDView.swift;App/GestureCalibrationView.swift;App/GlobalShortcutManager.swift;App/GraphCanvasView.swift;App/GraphExplorerView.swift;App/InlineHUDPanel.swift;App/KeyboardMousePreviewSheet.swift;App/LCSDiff.swift;App/LaunchAtLogin.swift;App/LivePreviewPaneView.swift;App/MailDraftPreviewSheet.swift;App/MailInboxPreviewSheet.swift;App/MessagesChatsPreviewSheet.swift;App/MessagesDraftPreviewSheet.swift;App/NotesCreatePreviewSheet.swift;App/NotesListPreviewSheet.swift;App/OiloopApp.swift;App/OnboardingSettings.swift;App/OnboardingView.swift;App/PlanExecutionMonitorView.swift;App/PresenceSettings.swift;App/PreviewGestureShortcuts.swift;App/RemindersCreatePreviewSheet.swift;App/RemindersListPreviewSheet.swift;App/SafariTabPreviewSheet.swift;App/ScreenshotPreviewSheet.swift;App/SettingsView.swift;App/ShellPreviewSheet.swift;App/TerminalPanel.swift;App/UsageAnalyticsDashboardView.swift;App/WritingToolsHUDView.swift;Core/LLM/FIMCompletionClient.swift;Core/LLM/GeminiLLMClient.swift;Core/LLM/LLMClient.swift;Core/LLM/LocalLLMSettings.swift;Core/LLM/MockLLMClient.swift;Core/LLM/OllamaLLMClient.swift;Core/LLM/OpenAILLMClient.swift;Core/Memory/DatabaseSettings.swift;Core/Memory/EpisodeSummarizer.swift;Core/Memory/EpisodicMemoryManager.swift;Core/Memory/LocalEmbeddingsService.swift;Core/Memory/MemoryStore.swift;Core/Memory/Models.swift;Core/Memory/ScreenContextModels.swift;Core/Memory/SemanticIndexManager.swift;Core/Memory/SymbolicParser.swift;Core/Memory/TimelineModels.swift;Core/Memory/UserDataService.swift;Core/Orchestrator/AgentCriticService.swift;Core/Orchestrator/AgentLoopModels.swift;Core/Orchestrator/AgentTaskModels.swift;Core/Orchestrator/ChatOrchestrator.swift (partial),,"Oiloop stores user preferences and chat history using the following methods:

- **User Preferences:**
  - Stored in a SQLite database via the `MemoryStore` class.
  - Preferences are loaded and saved using the `DatabaseSettings` struct, which handles encoding and decoding of settings to and from JSON.
  - Specific settings like `PresenceSettings`, `LocalLLMSettings`, and others are managed through dedicated structs that define their properties and provide methods for loading and saving.

- **Chat History:**
  - Chat messages are stored in the SQLite database within the `messages` table.
  - Each message is associated with a session and includes details such as the message role (user, assistant, system), content, and timestamp.
  - The `ChatOrchestrator` class manages the retrieval and storage of chat messages, ensuring they are appended to the history as conversations progress.

Overall, Oiloop utilizes a combination of SQLite for persistent storage and structured data models to manage user preferences and chat history effectively.",3614,76662,204,gpt-4o-mini,1,true,1,3,Candidate provides some correct information but introduces inaccuracies and lacks details on local storage and wipe functionality.
OL01,personal,B,How does Oiloop store user preferences and chat history?,33945,8487,context-os/cores/personal-core.md;Core/Memory/MemoryStore.swift (structure);Core/Persona/PersonaSettings.swift (structure);Core/Memory/UserDataService.swift (structure);Core/Memory/EpisodeSummarizer.swift (structure);Core/Orchestrator/ChatOrchestrator.swift (structure),personal-core,"Oiloop stores user preferences and chat history using the following mechanisms:

- **User Preferences**:
  - Managed by the `PersonaSettings` entity, which includes fields for:
    - Assistant display name
    - User preferred name
    - Tone preset
    - Other configuration settings related to user preferences.

- **Chat History**:
  - Stored in a local SQLite database managed by the `MemoryStore` entity.
  - Chat sessions, messages, facts, and memory episodes are organized in tables within this database.
  - Memory episodes are compressed automatically to save context tokens when they reach a threshold of 28 messages, with a recent message window of 24.

This ensures that all user data remains local and private, adhering to the project's privacy invariants.",2596,10770,155,gpt-4o-mini,2,false,2,4,The answer is mostly correct but introduces 'memory episodes' which is not mentioned in the gold criteria.
OL01,personal,C,How does Oiloop store user preferences and chat history?,35581,8896,context-os/eval/questions.json;Resources/cores/personal-core.md;Resources/cores/system-control-core.md;context-os/cores/system-control-core.md;Tests/OiloopTests/EpisodicMemoryTests.swift;Tests/OiloopTests/MemoryStoreTests.swift;App/ChatExperienceView.swift;App/GlobalShortcutManager.swift,,"Oiloop stores user preferences and chat history using the following mechanisms:

- **MemoryStore**: Manages an SQLite database located inside Application Support.
- **Database Tables**: Includes tables for sessions, messages, facts, and settings.
- **Local Storage**: Ensures that chat data remains strictly local on localhost.
- **Data Wiping**: User data can be wiped completely via the `wipeAll` method in `UserDataService`.",6505,7920,91,gpt-4o-mini,3,false,2,5,The answer is fully correct and directly addresses the question.
OL02,personal,A,How does Oiloop compress chat history to stay within token limits?,400000,100000,App/AppRootView.swift;App/AppWindowActivation.swift;App/ChatExperienceView.swift;App/ConnectorPreviewSheet.swift;App/ContentView.swift;App/DiagnosticsDashboardView.swift;App/FilePreviewSheet.swift;App/FileWritePreviewSheet.swift;App/FloatingHUDView.swift;App/GestureCalibrationView.swift;App/GlobalShortcutManager.swift;App/GraphCanvasView.swift;App/GraphExplorerView.swift;App/InlineHUDPanel.swift;App/KeyboardMousePreviewSheet.swift;App/LCSDiff.swift;App/LaunchAtLogin.swift;App/LivePreviewPaneView.swift;App/MailDraftPreviewSheet.swift;App/MailInboxPreviewSheet.swift;App/MessagesChatsPreviewSheet.swift;App/MessagesDraftPreviewSheet.swift;App/NotesCreatePreviewSheet.swift;App/NotesListPreviewSheet.swift;App/OiloopApp.swift;App/OnboardingSettings.swift;App/OnboardingView.swift;App/PlanExecutionMonitorView.swift;App/PresenceSettings.swift;App/PreviewGestureShortcuts.swift;App/RemindersCreatePreviewSheet.swift;App/RemindersListPreviewSheet.swift;App/SafariTabPreviewSheet.swift;App/ScreenshotPreviewSheet.swift;App/SettingsView.swift;App/ShellPreviewSheet.swift;App/TerminalPanel.swift;App/UsageAnalyticsDashboardView.swift;App/WritingToolsHUDView.swift;Core/LLM/FIMCompletionClient.swift;Core/LLM/GeminiLLMClient.swift;Core/LLM/LLMClient.swift;Core/LLM/LocalLLMSettings.swift;Core/LLM/MockLLMClient.swift;Core/LLM/OllamaLLMClient.swift;Core/LLM/OpenAILLMClient.swift;Core/Memory/DatabaseSettings.swift;Core/Memory/EpisodeSummarizer.swift;Core/Memory/EpisodicMemoryManager.swift;Core/Memory/LocalEmbeddingsService.swift;Core/Memory/MemoryStore.swift;Core/Memory/Models.swift;Core/Memory/ScreenContextModels.swift;Core/Memory/SemanticIndexManager.swift;Core/Memory/SymbolicParser.swift;Core/Memory/TimelineModels.swift;Core/Memory/UserDataService.swift;Core/Orchestrator/AgentCriticService.swift;Core/Orchestrator/AgentLoopModels.swift;Core/Orchestrator/AgentTaskModels.swift;Core/Orchestrator/ChatOrchestrator.swift (partial),,"Oiloop compresses chat history to stay within token limits by using the following approach:

- **Episodic Memory**: It summarizes chat history into structured memory episodes.
- **Summarization Process**: The summarization includes:
  - **Title**: A short title describing the meeting or chat.
  - **Topics**: A list of comma-separated topics discussed.
  - **Tone**: A single word indicating the tone (e.g., calm, focused).
  - **Summary**: A concise summary of the discussion and outcomes.
- **Action Items**: It also lists action items with assignees if mentioned.
- **Prompt Structure**: The summarization is guided by a structured prompt that instructs the model to be factual and brief, ensuring that the output remains concise and within token limits.

This method allows Oiloop to effectively manage and compress chat history while retaining essential information.",3456,76664,186,gpt-4o-mini,1,false,1,3,The answer captures the essence of compression but lacks specific details from the gold criteria.
OL02,personal,B,How does Oiloop compress chat history to stay within token limits?,26804,6701,context-os/cores/personal-core.md;Core/Memory/EpisodeSummarizer.swift (structure);Core/Orchestrator/ChatOrchestrator.swift (structure),personal-core,"Oiloop compresses chat history using the following method:

- The `maybeCompressHistory` function is called at the end of the `executeCommand` in `ChatOrchestrator`.
- It compresses the oldest messages into `memory_episodes` using the `EpisodeSummarizer`.
- The compression threshold is set to 28 messages, with a recent message window of 24.
- This process helps preserve prompt space for local LLMs.",1483,8468,92,gpt-4o-mini,3,false,2,5,Answer is fully correct and well-reasoned.
OL02,personal,C,How does Oiloop compress chat history to stay within token limits?,35959,8990,context-os/eval/questions.json;Resources/cores/personal-core.md;App/GlobalShortcutManager.swift;docs/COMPANION.md;App/ChatExperienceView.swift;docs/DEVELOPMENT.md;Resources/cores/browsing-core.md;context-os/router/routing-map.json,,"Oiloop compresses chat history to stay within token limits by:

- Calling `maybeCompressHistory` at the end of `executeCommand` in `ChatOrchestrator`.
- Using a compression threshold of 28 messages, with a recent message window of 24.
- Invoking `EpisodeSummarizer` to compress the oldest messages into `memory_episodes`.
- Preserving prompt space for local LLMs.",2114,8462,86,gpt-4o-mini,3,false,2,5,The answer is fully correct and well-reasoned.
OL03,personal,A,Where is the Oiloop assistant's system prompt compiled and built?,400000,100000,App/AppRootView.swift;App/AppWindowActivation.swift;App/ChatExperienceView.swift;App/ConnectorPreviewSheet.swift;App/ContentView.swift;App/DiagnosticsDashboardView.swift;App/FilePreviewSheet.swift;App/FileWritePreviewSheet.swift;App/FloatingHUDView.swift;App/GestureCalibrationView.swift;App/GlobalShortcutManager.swift;App/GraphCanvasView.swift;App/GraphExplorerView.swift;App/InlineHUDPanel.swift;App/KeyboardMousePreviewSheet.swift;App/LCSDiff.swift;App/LaunchAtLogin.swift;App/LivePreviewPaneView.swift;App/MailDraftPreviewSheet.swift;App/MailInboxPreviewSheet.swift;App/MessagesChatsPreviewSheet.swift;App/MessagesDraftPreviewSheet.swift;App/NotesCreatePreviewSheet.swift;App/NotesListPreviewSheet.swift;App/OiloopApp.swift;App/OnboardingSettings.swift;App/OnboardingView.swift;App/PlanExecutionMonitorView.swift;App/PresenceSettings.swift;App/PreviewGestureShortcuts.swift;App/RemindersCreatePreviewSheet.swift;App/RemindersListPreviewSheet.swift;App/SafariTabPreviewSheet.swift;App/ScreenshotPreviewSheet.swift;App/SettingsView.swift;App/ShellPreviewSheet.swift;App/TerminalPanel.swift;App/UsageAnalyticsDashboardView.swift;App/WritingToolsHUDView.swift;Core/LLM/FIMCompletionClient.swift;Core/LLM/GeminiLLMClient.swift;Core/LLM/LLMClient.swift;Core/LLM/LocalLLMSettings.swift;Core/LLM/MockLLMClient.swift;Core/LLM/OllamaLLMClient.swift;Core/LLM/OpenAILLMClient.swift;Core/Memory/DatabaseSettings.swift;Core/Memory/EpisodeSummarizer.swift;Core/Memory/EpisodicMemoryManager.swift;Core/Memory/LocalEmbeddingsService.swift;Core/Memory/MemoryStore.swift;Core/Memory/Models.swift;Core/Memory/ScreenContextModels.swift;Core/Memory/SemanticIndexManager.swift;Core/Memory/SymbolicParser.swift;Core/Memory/TimelineModels.swift;Core/Memory/UserDataService.swift;Core/Orchestrator/AgentCriticService.swift;Core/Orchestrator/AgentLoopModels.swift;Core/Orchestrator/AgentTaskModels.swift;Core/Orchestrator/ChatOrchestrator.swift (partial),,"The Oiloop assistant's system prompt is compiled and built in the `AgentCriticService` class, specifically in the `reviewPlanOrCode` method. This method constructs a system prompt that instructs the assistant to review proposed code modifications, actions, or terminal commands.",2007,76664,56,gpt-4o-mini,0,true,0,1,Incorrectly identifies the location and purpose of the system prompt compilation.
OL03,personal,B,Where is the Oiloop assistant's system prompt compiled and built?,7075,1769,context-os/cores/personal-core.md;Core/Persona/SystemPromptBuilder.swift (structure),personal-core,"The Oiloop assistant's system prompt is compiled and built in the `SystemPromptBuilder` class, specifically through the `build` function.",785,1806,29,gpt-4o-mini,1,false,1,3,Mentions the correct class but lacks details on reading the template and dynamic appending.
OL03,personal,C,Where is the Oiloop assistant's system prompt compiled and built?,56459,14115,context-os/eval/questions.json;Tests/OiloopTests/DailyStandupServiceTests.swift;Core/Persona/SystemPromptBuilder.swift;docs/DEVELOPMENT.md;docs/PRD-DEVELOPER-ASSISTANT-UPGRADE.md;docs/OILOOP-EXPERIMENT-RESULTS.md;Resources/SystemPrompt.txt;Tests/OiloopTests/HybridRoutingTests.swift;README.md;App/OiloopApp.swift;Core/Orchestrator/ChatOrchestrator.swift;context-os/cores/personal-core.md,,"The Oiloop assistant's system prompt is compiled and built in the following manner:

- **File**: `SystemPromptBuilder.swift` compiles the base prompt.
- **Template**: Reads `SystemPrompt.txt` template from the application bundle.
- **Dynamic Content**: Appends recent memory episodes and user facts dynamically.
- **Context Instructions**: Filters and attaches active Context Core instructions if routing is enabled.",1878,13330,85,gpt-4o-mini,3,false,2,5,The answer is fully correct and matches the gold criteria perfectly.
OL04,personal,A,What are the tone presets supported by Oiloop and where are they defined?,400000,100000,App/AppRootView.swift;App/AppWindowActivation.swift;App/ChatExperienceView.swift;App/ConnectorPreviewSheet.swift;App/ContentView.swift;App/DiagnosticsDashboardView.swift;App/FilePreviewSheet.swift;App/FileWritePreviewSheet.swift;App/FloatingHUDView.swift;App/GestureCalibrationView.swift;App/GlobalShortcutManager.swift;App/GraphCanvasView.swift;App/GraphExplorerView.swift;App/InlineHUDPanel.swift;App/KeyboardMousePreviewSheet.swift;App/LCSDiff.swift;App/LaunchAtLogin.swift;App/LivePreviewPaneView.swift;App/MailDraftPreviewSheet.swift;App/MailInboxPreviewSheet.swift;App/MessagesChatsPreviewSheet.swift;App/MessagesDraftPreviewSheet.swift;App/NotesCreatePreviewSheet.swift;App/NotesListPreviewSheet.swift;App/OiloopApp.swift;App/OnboardingSettings.swift;App/OnboardingView.swift;App/PlanExecutionMonitorView.swift;App/PresenceSettings.swift;App/PreviewGestureShortcuts.swift;App/RemindersCreatePreviewSheet.swift;App/RemindersListPreviewSheet.swift;App/SafariTabPreviewSheet.swift;App/ScreenshotPreviewSheet.swift;App/SettingsView.swift;App/ShellPreviewSheet.swift;App/TerminalPanel.swift;App/UsageAnalyticsDashboardView.swift;App/WritingToolsHUDView.swift;Core/LLM/FIMCompletionClient.swift;Core/LLM/GeminiLLMClient.swift;Core/LLM/LLMClient.swift;Core/LLM/LocalLLMSettings.swift;Core/LLM/MockLLMClient.swift;Core/LLM/OllamaLLMClient.swift;Core/LLM/OpenAILLMClient.swift;Core/Memory/DatabaseSettings.swift;Core/Memory/EpisodeSummarizer.swift;Core/Memory/EpisodicMemoryManager.swift;Core/Memory/LocalEmbeddingsService.swift;Core/Memory/MemoryStore.swift;Core/Memory/Models.swift;Core/Memory/ScreenContextModels.swift;Core/Memory/SemanticIndexManager.swift;Core/Memory/SymbolicParser.swift;Core/Memory/TimelineModels.swift;Core/Memory/UserDataService.swift;Core/Orchestrator/AgentCriticService.swift;Core/Orchestrator/AgentLoopModels.swift;Core/Orchestrator/AgentTaskModels.swift;Core/Orchestrator/ChatOrchestrator.swift (partial),,"The tone presets supported by Oiloop are defined in the `TonePreset` enum. However, the specific values of the tone presets are not provided in the context. To find the exact tone presets, the definition of the `TonePreset` enum would need to be referenced in the codebase.",1736,76666,60,gpt-4o-mini,1,false,1,3,The answer identifies the enum but lacks specific values and context.
OL04,personal,B,What are the tone presets supported by Oiloop and where are they defined?,38685,9672,context-os/cores/personal-core.md;Core/Memory/MemoryStore.swift (structure);Core/Persona/PersonaSettings.swift (structure);Core/Persona/SystemPromptBuilder.swift (structure);Core/Voice/VoiceService.swift (structure);Core/Proactive/DeveloperProactiveMonitor.swift (structure);Core/Memory/UserDataService.swift (structure);Core/Memory/EpisodeSummarizer.swift (structure);Core/Orchestrator/ChatOrchestrator.swift (structure),personal-core,"- **Tone Presets Supported by Oiloop:**
  - Warm
  - Professional
  - Minimal

- **Definition Location:**
  - Defined in `PersonaSettings`, which contains the `TonePreset` enum.",1112,12209,47,gpt-4o-mini,3,false,1,4,Missing mention of mapping in SystemPromptBuilder and user selection in settings.
OL04,personal,C,What are the tone presets supported by Oiloop and where are they defined?,38709,9678,context-os/eval/questions.json;Resources/SystemPrompt.txt;Tests/OiloopTests/DailyStandupServiceTests.swift;docs/PRD-DEVELOPER-ASSISTANT-UPGRADE.md;Core/Orchestrator/DailyStandupService.swift;docs/PERSONA.md;docs/ROADMAP-macOS-ai-companion.md;Resources/cores/system-control-core.md,,"- **Tone Presets Supported:**
  - Warm
  - Professional
  - Minimal

- **Definition Location:**
  - Defined in `PersonaSettings` as a `TonePreset` enum. 
  - Mapped in `SystemPromptBuilder` to affect LLM style.
  - User selection is available in the settings screen.",1914,9376,70,gpt-4o-mini,3,false,2,5,Answer is fully correct and well-structured.
OL05,workspace,A,How does Oiloop handle sandboxed folder access on macOS?,400000,100000,App/AppRootView.swift;App/AppWindowActivation.swift;App/ChatExperienceView.swift;App/ConnectorPreviewSheet.swift;App/ContentView.swift;App/DiagnosticsDashboardView.swift;App/FilePreviewSheet.swift;App/FileWritePreviewSheet.swift;App/FloatingHUDView.swift;App/GestureCalibrationView.swift;App/GlobalShortcutManager.swift;App/GraphCanvasView.swift;App/GraphExplorerView.swift;App/InlineHUDPanel.swift;App/KeyboardMousePreviewSheet.swift;App/LCSDiff.swift;App/LaunchAtLogin.swift;App/LivePreviewPaneView.swift;App/MailDraftPreviewSheet.swift;App/MailInboxPreviewSheet.swift;App/MessagesChatsPreviewSheet.swift;App/MessagesDraftPreviewSheet.swift;App/NotesCreatePreviewSheet.swift;App/NotesListPreviewSheet.swift;App/OiloopApp.swift;App/OnboardingSettings.swift;App/OnboardingView.swift;App/PlanExecutionMonitorView.swift;App/PresenceSettings.swift;App/PreviewGestureShortcuts.swift;App/RemindersCreatePreviewSheet.swift;App/RemindersListPreviewSheet.swift;App/SafariTabPreviewSheet.swift;App/ScreenshotPreviewSheet.swift;App/SettingsView.swift;App/ShellPreviewSheet.swift;App/TerminalPanel.swift;App/UsageAnalyticsDashboardView.swift;App/WritingToolsHUDView.swift;Core/LLM/FIMCompletionClient.swift;Core/LLM/GeminiLLMClient.swift;Core/LLM/LLMClient.swift;Core/LLM/LocalLLMSettings.swift;Core/LLM/MockLLMClient.swift;Core/LLM/OllamaLLMClient.swift;Core/LLM/OpenAILLMClient.swift;Core/Memory/DatabaseSettings.swift;Core/Memory/EpisodeSummarizer.swift;Core/Memory/EpisodicMemoryManager.swift;Core/Memory/LocalEmbeddingsService.swift;Core/Memory/MemoryStore.swift;Core/Memory/Models.swift;Core/Memory/ScreenContextModels.swift;Core/Memory/SemanticIndexManager.swift;Core/Memory/SymbolicParser.swift;Core/Memory/TimelineModels.swift;Core/Memory/UserDataService.swift;Core/Orchestrator/AgentCriticService.swift;Core/Orchestrator/AgentLoopModels.swift;Core/Orchestrator/AgentTaskModels.swift;Core/Orchestrator/ChatOrchestrator.swift (partial),,The provided context does not contain specific information about how Oiloop handles sandboxed folder access on macOS. Details regarding the implementation or management of sandboxed folder access are missing.,1753,76664,36,gpt-4o-mini,0,false,0,1,The answer does not address the question and lacks any relevant details.
OL05,workspace,B,How does Oiloop handle sandboxed folder access on macOS?,6528,1632,context-os/cores/workspace-core.md;Tools/FileTools/WorkspaceAccess.swift (structure),workspace-core,"Oiloop handles sandboxed folder access on macOS through the following steps:

1. **User Selection**: The user picks a folder using `NSOpenPanel`.
2. **Bookmark Saving**: The selected folder's bookmark data is saved via the `DatabaseSettings` key `workspace_folder_bookmark`, and the display path is shown in `workspace_folder_path_display`.
3. **Bookmark Resolution**: The `WorkspaceAccess.withWorkspace` method resolves the bookmark and refreshes it if stale.
4. **Accessing Resource**: The method `URL.startAccessingSecurityScopedResource()` is called to gain access to the folder.
   - If access fails, it returns `FileToolError.accessDenied`.
5. **File Operations**: File operations are executed within the `body` of the access block, and `stopAccessingSecurityScopedResource` is called in a `defer` statement to ensure proper cleanup.
6. **Error Handling**: If the bookmark is missing, it returns `FileToolError.workspaceNotConfigured`. Additionally, any attempts to write outside allowed paths result in `WorkspaceFileToolError.accessDenied(String)`.

This process ensures compliance with macOS sandboxing requirements for file operations.",3376,1656,245,gpt-4o-mini,3,false,2,5,The answer accurately covers all aspects of the gold criteria with clear reasoning.
OL05,workspace,C,How does Oiloop handle sandboxed folder access on macOS?,31079,7770,App/GlobalShortcutManager.swift;docs/RELEASE.md;context-os/cores/workspace-core.md;docs/PRIVACY.md;Resources/cores/workspace-core.md;docs/COMPANION.md;docs/PRD-DEVELOPER-ASSISTANT-UPGRADE.md;docs/ROUTINE-AUTOMATION.md,,"Oiloop handles sandboxed folder access on macOS through the following steps:

1. **User Selection**:
   - The user selects a folder via `NSOpenPanel`.
   - The bookmark data is saved using the `DatabaseSettings` key `workspace_folder_bookmark`.

2. **Bookmark Resolution**:
   - The `WorkspaceAccess.withWorkspace` method resolves the bookmark, refreshing it if it is stale.

3. **Accessing Security-Scoped Resources**:
   - The method `URL.startAccessingSecurityScopedResource()` is called to gain access to the folder.
   - If access fails, it returns `FileToolError.accessDenied`.

4. **File Operations**:
   - File operations are executed within a closure, and `stopAccessingSecurityScopedResource` is called in a `defer` block to ensure it is called after the operations complete.

5. **Error Handling**:
   - If the bookmark is missing, it returns `FileToolError.workspaceNotConfigured`.
   - Any attempts to write outside allowed paths result in `WorkspaceFileToolError.accessDenied(String)`.

This process ensures that file operations are compliant with macOS sandboxing requirements while maintaining user control and security.",3006,7657,244,gpt-4o-mini,3,false,2,5,The answer accurately covers all aspects of the gold criteria with clear reasoning.
OL06,workspace,A,What happens when a user requests 'organize downloads'?,400000,100000,App/AppRootView.swift;App/AppWindowActivation.swift;App/ChatExperienceView.swift;App/ConnectorPreviewSheet.swift;App/ContentView.swift;App/DiagnosticsDashboardView.swift;App/FilePreviewSheet.swift;App/FileWritePreviewSheet.swift;App/FloatingHUDView.swift;App/GestureCalibrationView.swift;App/GlobalShortcutManager.swift;App/GraphCanvasView.swift;App/GraphExplorerView.swift;App/InlineHUDPanel.swift;App/KeyboardMousePreviewSheet.swift;App/LCSDiff.swift;App/LaunchAtLogin.swift;App/LivePreviewPaneView.swift;App/MailDraftPreviewSheet.swift;App/MailInboxPreviewSheet.swift;App/MessagesChatsPreviewSheet.swift;App/MessagesDraftPreviewSheet.swift;App/NotesCreatePreviewSheet.swift;App/NotesListPreviewSheet.swift;App/OiloopApp.swift;App/OnboardingSettings.swift;App/OnboardingView.swift;App/PlanExecutionMonitorView.swift;App/PresenceSettings.swift;App/PreviewGestureShortcuts.swift;App/RemindersCreatePreviewSheet.swift;App/RemindersListPreviewSheet.swift;App/SafariTabPreviewSheet.swift;App/ScreenshotPreviewSheet.swift;App/SettingsView.swift;App/ShellPreviewSheet.swift;App/TerminalPanel.swift;App/UsageAnalyticsDashboardView.swift;App/WritingToolsHUDView.swift;Core/LLM/FIMCompletionClient.swift;Core/LLM/GeminiLLMClient.swift;Core/LLM/LLMClient.swift;Core/LLM/LocalLLMSettings.swift;Core/LLM/MockLLMClient.swift;Core/LLM/OllamaLLMClient.swift;Core/LLM/OpenAILLMClient.swift;Core/Memory/DatabaseSettings.swift;Core/Memory/EpisodeSummarizer.swift;Core/Memory/EpisodicMemoryManager.swift;Core/Memory/LocalEmbeddingsService.swift;Core/Memory/MemoryStore.swift;Core/Memory/Models.swift;Core/Memory/ScreenContextModels.swift;Core/Memory/SemanticIndexManager.swift;Core/Memory/SymbolicParser.swift;Core/Memory/TimelineModels.swift;Core/Memory/UserDataService.swift;Core/Orchestrator/AgentCriticService.swift;Core/Orchestrator/AgentLoopModels.swift;Core/Orchestrator/AgentTaskModels.swift;Core/Orchestrator/ChatOrchestrator.swift (partial),,"The provided context does not contain specific information about the behavior or implementation of the ""organize downloads"" request. Details about how the application handles such a request, including any associated functions or responses, are missing.",1803,76661,42,gpt-4o-mini,0,false,0,1,The answer does not address the question and lacks relevant details.
OL06,workspace,B,What happens when a user requests 'organize downloads'?,8867,2217,context-os/cores/workspace-core.md;App/FilePreviewSheet.swift (structure);Tools/FileTools/FileOrganizer.swift (structure);Core/Orchestrator/FileOrganizeService.swift (structure);Core/Proactive/UserRuleParser.swift (structure),workspace-core,"When a user requests 'organize downloads', the following steps occur:

- **FileOrganizer** scans loose files in the Downloads folder.
- It applies file classification rules to determine target category folders.
- **RuleEnforcer** checks if any files should be skipped based on user-defined rules (e.g., ""dontTouch"" rules).
- **FileOrganizeService** prepares a plan for proposed file movements.
- A visual preview of the proposed moves is displayed via **FilePreviewSheet**.
- The user must confirm or cancel the proposed moves through the **FilePreviewSheet**.
- If confirmed, the file moves are executed within the allowed sandboxed directories. 

No files are moved without explicit user confirmation, and any skipped files are logged in the audit trail.",2613,2388,154,gpt-4o-mini,2,false,2,4,The answer is mostly correct but includes additional details about RuleEnforcer and audit trail that are not in the gold criteria.
OL06,workspace,C,What happens when a user requests 'organize downloads'?,60482,15121,docs/PROACTIVITY.md;Resources/cores/workspace-core.md;context-os/cores/workspace-core.md;docs/ROADMAP-macOS-ai-companion.md;Core/Proactive/WeeklyDigestBuilder.swift;Resources/SystemPrompt.txt;docs/PRIVACY.md;Core/Orchestrator/ChatOrchestrator.swift;Core/Persona/SystemPromptBuilder.swift;Core/Proactive/CalendarService.swift;context-os/cores/personal-core.md;context-os/cores/communication-core.md;App/OiloopApp.swift;README.md,,"When a user requests ""organize downloads,"" the following occurs:

- The **FileOrganizer** scans the Downloads folder for loose files.
- It checks user-defined rules (e.g., ""don't touch invoices"") using the **RuleEnforcer**.
- A proposed plan for organizing files is created by the **FileOrganizeService**.
- The user is presented with a **FilePreviewSheet** to confirm or cancel the proposed file movements.
- If confirmed, the files are moved according to the plan. 

This process ensures that no files are moved without explicit user confirmation.",3088,13984,116,gpt-4o-mini,2,false,2,4,"The answer is mostly correct but introduces the RuleEnforcer, which is not mentioned in the gold criteria."
OL07,workspace,A,How does Oiloop enforce 'don't touch' rules?,400000,100000,App/AppRootView.swift;App/AppWindowActivation.swift;App/ChatExperienceView.swift;App/ConnectorPreviewSheet.swift;App/ContentView.swift;App/DiagnosticsDashboardView.swift;App/FilePreviewSheet.swift;App/FileWritePreviewSheet.swift;App/FloatingHUDView.swift;App/GestureCalibrationView.swift;App/GlobalShortcutManager.swift;App/GraphCanvasView.swift;App/GraphExplorerView.swift;App/InlineHUDPanel.swift;App/KeyboardMousePreviewSheet.swift;App/LCSDiff.swift;App/LaunchAtLogin.swift;App/LivePreviewPaneView.swift;App/MailDraftPreviewSheet.swift;App/MailInboxPreviewSheet.swift;App/MessagesChatsPreviewSheet.swift;App/MessagesDraftPreviewSheet.swift;App/NotesCreatePreviewSheet.swift;App/NotesListPreviewSheet.swift;App/OiloopApp.swift;App/OnboardingSettings.swift;App/OnboardingView.swift;App/PlanExecutionMonitorView.swift;App/PresenceSettings.swift;App/PreviewGestureShortcuts.swift;App/RemindersCreatePreviewSheet.swift;App/RemindersListPreviewSheet.swift;App/SafariTabPreviewSheet.swift;App/ScreenshotPreviewSheet.swift;App/SettingsView.swift;App/ShellPreviewSheet.swift;App/TerminalPanel.swift;App/UsageAnalyticsDashboardView.swift;App/WritingToolsHUDView.swift;Core/LLM/FIMCompletionClient.swift;Core/LLM/GeminiLLMClient.swift;Core/LLM/LLMClient.swift;Core/LLM/LocalLLMSettings.swift;Core/LLM/MockLLMClient.swift;Core/LLM/OllamaLLMClient.swift;Core/LLM/OpenAILLMClient.swift;Core/Memory/DatabaseSettings.swift;Core/Memory/EpisodeSummarizer.swift;Core/Memory/EpisodicMemoryManager.swift;Core/Memory/LocalEmbeddingsService.swift;Core/Memory/MemoryStore.swift;Core/Memory/Models.swift;Core/Memory/ScreenContextModels.swift;Core/Memory/SemanticIndexManager.swift;Core/Memory/SymbolicParser.swift;Core/Memory/TimelineModels.swift;Core/Memory/UserDataService.swift;Core/Orchestrator/AgentCriticService.swift;Core/Orchestrator/AgentLoopModels.swift;Core/Orchestrator/AgentTaskModels.swift;Core/Orchestrator/ChatOrchestrator.swift (partial),,"The Oiloop project enforces 'don't touch' rules through the `UserRule` structure and the `userRules` functionality in the `MemoryStore`. Here are the key points:

- **UserRule Structure**: Represents a rule with a specific kind (e.g., `dontTouch`) and a pattern that defines what should not be modified or interacted with.

- **Rule Application**: The rules are stored in the database and can be fetched and applied during operations. When a user rule is defined as `dontTouch`, it prevents modifications to certain files or content based on the specified pattern.

- **MemoryStore Functions**: The `MemoryStore` class includes methods to manage user rules, allowing the application to check against these rules when processing commands or actions.

- **Proactive Monitoring**: The proactive service can monitor actions and ensure compliance with the defined rules, preventing any actions that would violate the 'don't touch' directive.

This combination of structures and services ensures that the rules are respected during the operation of the Oiloop application.",3500,76662,211,gpt-4o-mini,1,true,1,3,"Candidate mentions MemoryStore and proactive monitoring, which are not in the gold criteria."
OL07,workspace,B,How does Oiloop enforce 'don't touch' rules?,45501,11376,context-os/cores/workspace-core.md;Core/Proactive/UserRuleParser.swift (structure);context-os/cores/personal-core.md;Core/Memory/MemoryStore.swift (structure);Core/Persona/PersonaSettings.swift (structure);Core/Persona/SystemPromptBuilder.swift (structure);Core/Voice/VoiceService.swift (structure);Core/Proactive/DeveloperProactiveMonitor.swift (structure);Core/Memory/UserDataService.swift (structure);Core/Memory/EpisodeSummarizer.swift (structure);Core/Orchestrator/ChatOrchestrator.swift (structure),workspace-core;personal-core,"Oiloop enforces 'don't touch' rules through the following chain of processes:

- **UserRuleParser**: Parses natural language rules into SQLite `user_rules` with a specific kind of `dontTouch`.
- **RuleEnforcer**: Utilizes static methods (`shouldSkipFile`, `shouldSkipMail`, `shouldSkipMessage`) to determine if a file, mail, or message should be skipped based on the parsed rules.
- **FileOrganizer**: Calls `RuleEnforcer.shouldSkipFile` to skip any matching paths before proposing file moves.
- **MailService / MessagesService**: Filters messages using `shouldSkipMail` and `shouldSkipMessage` to avoid processing those that match the rules.
- **FilePreviewSheet**: Requires user confirmation for any proposed moves, ensuring no silent moves occur.
- **ScheduledDigestBuilder**: Includes a section in routine digests that lists active `dontTouch` rule patterns under ""I'll avoid:"".

This enforcement chain ensures that files or messages marked with 'don't touch' rules are not moved or processed without explicit user consent.",3237,13877,220,gpt-4o-mini,3,false,2,5,Answer accurately reflects the gold criteria and provides a clear explanation of the processes involved.
OL07,workspace,C,How does Oiloop enforce 'don't touch' rules?,27454,6864,Tests/OiloopTests/UserRuleParserTests.swift;Core/Proactive/UserRuleParser.swift;App/GlobalShortcutManager.swift;docs/PROACTIVITY.md;Resources/cores/workspace-core.md;Tests/OiloopTests/HybridRoutingTests.swift;Tests/OiloopTests/MemoryStoreTests.swift;context-os/cores/workspace-core.md,,"Oiloop enforces 'don't touch' rules through the following chain:

1. **UserRuleParser**: Parses natural language rules into SQLite `user_rules` with the kind set to `dontTouch`.
2. **RuleEnforcer**: 
   - Uses static methods (`shouldSkipFile`, `shouldSkipMail`, `shouldSkipMessage`) to check if a file, email, or message should be skipped based on the rules.
3. **FileOrganizer**: 
   - Calls `RuleEnforcer.shouldSkipFile` to skip proposing moves for files that match the 'don't touch' rules.
4. **MailService / MessagesService**: 
   - Filters incoming messages and emails using `shouldSkipMail` and `shouldSkipMessage` to avoid processing those that match the rules.
5. **FilePreviewSheet**: 
   - Requires user confirmation for any proposed file moves, ensuring no files are moved silently.
6. **ScheduledDigestBuilder**: 
   - Includes a section in routine digests that lists active 'don't touch' rule patterns, reminding users of the rules in effect.

This enforcement chain ensures that files matching the 'don't touch' criteria are not moved or processed without explicit user consent.",2619,6278,248,gpt-4o-mini,3,false,2,5,The answer accurately covers all aspects of the gold criteria with clear reasoning.
OL08,workspace,A,What SwiftUI view displays the preview of files to be moved?,400000,100000,App/AppRootView.swift;App/AppWindowActivation.swift;App/ChatExperienceView.swift;App/ConnectorPreviewSheet.swift;App/ContentView.swift;App/DiagnosticsDashboardView.swift;App/FilePreviewSheet.swift;App/FileWritePreviewSheet.swift;App/FloatingHUDView.swift;App/GestureCalibrationView.swift;App/GlobalShortcutManager.swift;App/GraphCanvasView.swift;App/GraphExplorerView.swift;App/InlineHUDPanel.swift;App/KeyboardMousePreviewSheet.swift;App/LCSDiff.swift;App/LaunchAtLogin.swift;App/LivePreviewPaneView.swift;App/MailDraftPreviewSheet.swift;App/MailInboxPreviewSheet.swift;App/MessagesChatsPreviewSheet.swift;App/MessagesDraftPreviewSheet.swift;App/NotesCreatePreviewSheet.swift;App/NotesListPreviewSheet.swift;App/OiloopApp.swift;App/OnboardingSettings.swift;App/OnboardingView.swift;App/PlanExecutionMonitorView.swift;App/PresenceSettings.swift;App/PreviewGestureShortcuts.swift;App/RemindersCreatePreviewSheet.swift;App/RemindersListPreviewSheet.swift;App/SafariTabPreviewSheet.swift;App/ScreenshotPreviewSheet.swift;App/SettingsView.swift;App/ShellPreviewSheet.swift;App/TerminalPanel.swift;App/UsageAnalyticsDashboardView.swift;App/WritingToolsHUDView.swift;Core/LLM/FIMCompletionClient.swift;Core/LLM/GeminiLLMClient.swift;Core/LLM/LLMClient.swift;Core/LLM/LocalLLMSettings.swift;Core/LLM/MockLLMClient.swift;Core/LLM/OllamaLLMClient.swift;Core/LLM/OpenAILLMClient.swift;Core/Memory/DatabaseSettings.swift;Core/Memory/EpisodeSummarizer.swift;Core/Memory/EpisodicMemoryManager.swift;Core/Memory/LocalEmbeddingsService.swift;Core/Memory/MemoryStore.swift;Core/Memory/Models.swift;Core/Memory/ScreenContextModels.swift;Core/Memory/SemanticIndexManager.swift;Core/Memory/SymbolicParser.swift;Core/Memory/TimelineModels.swift;Core/Memory/UserDataService.swift;Core/Orchestrator/AgentCriticService.swift;Core/Orchestrator/AgentLoopModels.swift;Core/Orchestrator/AgentTaskModels.swift;Core/Orchestrator/ChatOrchestrator.swift (partial),,The SwiftUI view that displays the preview of files to be moved is `FilePreviewSheet`.,1685,76663,19,gpt-4o-mini,1,false,1,2,The answer identifies the correct view but lacks details on its functionality.
OL08,workspace,B,What SwiftUI view displays the preview of files to be moved?,7155,1789,context-os/cores/workspace-core.md;App/FilePreviewSheet.swift (structure);Tools/FileTools/FileOrganizer.swift (structure),workspace-core,The SwiftUI view that displays the preview of files to be moved is the **`FilePreviewSheet`**.,847,1851,23,gpt-4o-mini,3,false,1,3,The answer correctly identifies the view but lacks details on its functionality.
OL08,workspace,C,What SwiftUI view displays the preview of files to be moved?,30072,7518,App/ChatExperienceView.swift;App/FilePreviewSheet.swift;context-os/router/routing-map.json;Tests/OiloopTests/InputFusionTests.swift;App/ShellPreviewSheet.swift;Core/Spatial/InputFusion.swift;App/NotesCreatePreviewSheet.swift;App/RemindersCreatePreviewSheet.swift,,The SwiftUI view that displays the preview of files to be moved is `FilePreviewSheet`.,953,6141,19,gpt-4o-mini,1,false,1,2,The answer identifies the correct view but lacks details on its functionality.
OL09,communication,A,How does Oiloop read inbox headers from Apple Mail?,400000,100000,App/AppRootView.swift;App/AppWindowActivation.swift;App/ChatExperienceView.swift;App/ConnectorPreviewSheet.swift;App/ContentView.swift;App/DiagnosticsDashboardView.swift;App/FilePreviewSheet.swift;App/FileWritePreviewSheet.swift;App/FloatingHUDView.swift;App/GestureCalibrationView.swift;App/GlobalShortcutManager.swift;App/GraphCanvasView.swift;App/GraphExplorerView.swift;App/InlineHUDPanel.swift;App/KeyboardMousePreviewSheet.swift;App/LCSDiff.swift;App/LaunchAtLogin.swift;App/LivePreviewPaneView.swift;App/MailDraftPreviewSheet.swift;App/MailInboxPreviewSheet.swift;App/MessagesChatsPreviewSheet.swift;App/MessagesDraftPreviewSheet.swift;App/NotesCreatePreviewSheet.swift;App/NotesListPreviewSheet.swift;App/OiloopApp.swift;App/OnboardingSettings.swift;App/OnboardingView.swift;App/PlanExecutionMonitorView.swift;App/PresenceSettings.swift;App/PreviewGestureShortcuts.swift;App/RemindersCreatePreviewSheet.swift;App/RemindersListPreviewSheet.swift;App/SafariTabPreviewSheet.swift;App/ScreenshotPreviewSheet.swift;App/SettingsView.swift;App/ShellPreviewSheet.swift;App/TerminalPanel.swift;App/UsageAnalyticsDashboardView.swift;App/WritingToolsHUDView.swift;Core/LLM/FIMCompletionClient.swift;Core/LLM/GeminiLLMClient.swift;Core/LLM/LLMClient.swift;Core/LLM/LocalLLMSettings.swift;Core/LLM/MockLLMClient.swift;Core/LLM/OllamaLLMClient.swift;Core/LLM/OpenAILLMClient.swift;Core/Memory/DatabaseSettings.swift;Core/Memory/EpisodeSummarizer.swift;Core/Memory/EpisodicMemoryManager.swift;Core/Memory/LocalEmbeddingsService.swift;Core/Memory/MemoryStore.swift;Core/Memory/Models.swift;Core/Memory/ScreenContextModels.swift;Core/Memory/SemanticIndexManager.swift;Core/Memory/SymbolicParser.swift;Core/Memory/TimelineModels.swift;Core/Memory/UserDataService.swift;Core/Orchestrator/AgentCriticService.swift;Core/Orchestrator/AgentLoopModels.swift;Core/Orchestrator/AgentTaskModels.swift;Core/Orchestrator/ChatOrchestrator.swift (partial),,The context provided does not contain specific information about how Oiloop reads inbox headers from Apple Mail. Details regarding the implementation or methods used for accessing Apple Mail inbox headers are missing.,2155,76662,36,gpt-4o-mini,0,false,0,1,The answer does not address the question and lacks any relevant details.
OL09,communication,B,How does Oiloop read inbox headers from Apple Mail?,26130,6533,context-os/cores/communication-core.md;Core/Orchestrator/MailService.swift (structure);Tools/MailTools/CustomMailReader.swift (structure);Core/Orchestrator/MessagesService.swift (structure);Core/Routine/RoutineConnectorService.swift (structure);Tools/MailTools/MailReader.swift (structure);context-os/cores/system-control-core.md;Tools/RemindersTools/RemindersReader.swift (structure),communication-core;system-control-core,"Oiloop reads inbox headers from Apple Mail using the following process:

- **MailService**: Coordinates the automation.
- **MailReader**: Executes JXA/AppleScript scripting to read recent inbox headers.
- **System Settings Automation Permission**: Requires permission for Mail to function.
- **Toggle Option**: The feature is bypassed if ""Use Apple Mail"" is toggled off in Settings.",1691,7800,82,gpt-4o-mini,3,false,2,5,The answer accurately reflects the gold criteria with no gaps or hallucinations.
OL09,communication,C,How does Oiloop read inbox headers from Apple Mail?,36877,9220,Core/Orchestrator/MailService.swift;Resources/cores/communication-core.md;Tools/MailTools/MailReader.swift;context-os/cores/communication-core.md;Tools/MailTools/MailModels.swift;docs/DEVELOPMENT.md;docs/PRIVACY.md;docs/ROUTINE-AUTOMATION.md,,"Oiloop reads inbox headers from Apple Mail using the following process:

- The `MailService` class utilizes the `MailReader` to execute JXA/AppleScript scripting.
- It fetches recent inbox headers by calling the `fetchInbox(limit:)` method in `MailReader`.
- This method runs a JavaScript function that interacts with the Mail application to retrieve message details (id, subject, sender, snippet).
- The fetched data is then decoded into `MailMessageSummary` objects for further processing.

**Requirements:**
- The user must grant System Settings Automation permission for Mail.
- The process can be bypassed if ""Use Apple Mail"" is toggled off in Settings.",2525,9012,139,gpt-4o-mini,2,false,2,4,The answer is mostly correct but has minor inaccuracies regarding the specifics of the scripting method used.
OL10,communication,A,What is the custom IMAP/SMTP mail client implementation in Oiloop?,400000,100000,App/AppRootView.swift;App/AppWindowActivation.swift;App/ChatExperienceView.swift;App/ConnectorPreviewSheet.swift;App/ContentView.swift;App/DiagnosticsDashboardView.swift;App/FilePreviewSheet.swift;App/FileWritePreviewSheet.swift;App/FloatingHUDView.swift;App/GestureCalibrationView.swift;App/GlobalShortcutManager.swift;App/GraphCanvasView.swift;App/GraphExplorerView.swift;App/InlineHUDPanel.swift;App/KeyboardMousePreviewSheet.swift;App/LCSDiff.swift;App/LaunchAtLogin.swift;App/LivePreviewPaneView.swift;App/MailDraftPreviewSheet.swift;App/MailInboxPreviewSheet.swift;App/MessagesChatsPreviewSheet.swift;App/MessagesDraftPreviewSheet.swift;App/NotesCreatePreviewSheet.swift;App/NotesListPreviewSheet.swift;App/OiloopApp.swift;App/OnboardingSettings.swift;App/OnboardingView.swift;App/PlanExecutionMonitorView.swift;App/PresenceSettings.swift;App/PreviewGestureShortcuts.swift;App/RemindersCreatePreviewSheet.swift;App/RemindersListPreviewSheet.swift;App/SafariTabPreviewSheet.swift;App/ScreenshotPreviewSheet.swift;App/SettingsView.swift;App/ShellPreviewSheet.swift;App/TerminalPanel.swift;App/UsageAnalyticsDashboardView.swift;App/WritingToolsHUDView.swift;Core/LLM/FIMCompletionClient.swift;Core/LLM/GeminiLLMClient.swift;Core/LLM/LLMClient.swift;Core/LLM/LocalLLMSettings.swift;Core/LLM/MockLLMClient.swift;Core/LLM/OllamaLLMClient.swift;Core/LLM/OpenAILLMClient.swift;Core/Memory/DatabaseSettings.swift;Core/Memory/EpisodeSummarizer.swift;Core/Memory/EpisodicMemoryManager.swift;Core/Memory/LocalEmbeddingsService.swift;Core/Memory/MemoryStore.swift;Core/Memory/Models.swift;Core/Memory/ScreenContextModels.swift;Core/Memory/SemanticIndexManager.swift;Core/Memory/SymbolicParser.swift;Core/Memory/TimelineModels.swift;Core/Memory/UserDataService.swift;Core/Orchestrator/AgentCriticService.swift;Core/Orchestrator/AgentLoopModels.swift;Core/Orchestrator/AgentTaskModels.swift;Core/Orchestrator/ChatOrchestrator.swift (partial),,"The custom IMAP/SMTP mail client implementation in Oiloop includes the following features:

- **IMAP Settings:**
  - Host: Configurable via `imapHost`.
  - Port: Configurable via `imapPort`.
  - Username: Configurable via `imapUser`.
  - Password: Configurable via `imapPass`.
  - Drafts Folder: Configurable via `imapDraftsFolder`.

- **SMTP Settings (if enabled):**
  - Send via SMTP: Configurable via `sendViaSmtp`.
  - SMTP Host: Configurable via `smtpHost`.
  - SMTP Port: Configurable via `smtpPort`.
  - SMTP Username: Configurable via `smtpUser`.
  - SMTP Password: Configurable via `smtpPass`.

- **Mail Functionality:**
  - Users can choose to use Apple Mail or a custom mail client.
  - The system allows for sending emails, saving drafts, and fetching emails from the inbox.
  - Users can set limits on the number of emails fetched from the inbox.

- **User Interface:**
  - The settings are presented in a form where users can input their configurations.
  - There are buttons for testing the connection to the mail server.

This implementation allows users to manage their email settings directly within the Oiloop application, ensuring that all interactions with email services are handled locally and securely.",3489,76666,279,gpt-4o-mini,1,false,1,3,The answer provides some relevant information but misses key details about the execution of curl subprocesses and specific protocols used.
OL10,communication,B,What is the custom IMAP/SMTP mail client implementation in Oiloop?,19948,4987,context-os/cores/communication-core.md;Core/Orchestrator/MailService.swift (structure);Tools/MailTools/CustomMailReader.swift (structure);Core/Orchestrator/MessagesService.swift (structure);Core/Routine/RoutineConnectorService.swift (structure);Tools/MailTools/MailReader.swift (structure),communication-core,"The custom IMAP/SMTP mail client implementation in Oiloop is handled by the `CustomMailReader`. Here are the key features:

- **Protocol Support**: Utilizes `imaps://` for IMAP and `smtp://` for SMTP.
- **Fetching Inbox**: Executes curl subprocesses to fetch inbox headers using `FETCH BODY[HEADER]`.
- **Saving Drafts**: Saves drafts as temporary `.eml` files uploaded to the `imaps` Drafts folder.
- **Sending Mail**: Sends emails using SMTP with the `--mail-rcpt` option, supporting SSL if required.",3924,6296,127,gpt-4o-mini,3,false,2,5,The answer is fully correct and well-reasoned.
OL10,communication,C,What is the custom IMAP/SMTP mail client implementation in Oiloop?,31184,7796,Tools/MailTools/MailSettings.swift;Resources/cores/communication-core.md;context-os/cores/communication-core.md;Core/Orchestrator/MailService.swift;Tests/OiloopTests/CustomMailReaderTests.swift;Tests/OiloopTests/MacroTests.swift;docs/DEVELOPMENT.md;Resources/SystemPrompt.txt,,"The custom IMAP/SMTP mail client implementation in Oiloop is handled by the `CustomMailReader`. Here are the key details:

- **Functionality**:
  - Executes curl subprocesses for IMAP and SMTP.
  - Fetches inbox using the `imaps://` protocol and `FETCH BODY[HEADER]`.
  - Saves drafts using temporary `.eml` files uploaded to the IMAP Drafts folder.
  - Sends mail using the `smtp://` protocol and `--mail-rcpt` (with SSL if required).

- **Integration**:
  - Works in conjunction with `MailSettings` to configure IMAP/SMTP settings.
  - Can be toggled on or off based on user preferences in the settings.

- **Error Handling**:
  - Throws errors if SMTP server, username, or password is not configured properly.

This implementation allows Oiloop to interact with custom mail servers beyond the default Apple Mail functionality.",4254,7521,194,gpt-4o-mini,3,false,2,5,"Answer is fully correct and well-reasoned, with additional relevant details."
OL11,communication,A,How are Telegram and Slack connector drafts structured?,400000,100000,App/AppRootView.swift;App/AppWindowActivation.swift;App/ChatExperienceView.swift;App/ConnectorPreviewSheet.swift;App/ContentView.swift;App/DiagnosticsDashboardView.swift;App/FilePreviewSheet.swift;App/FileWritePreviewSheet.swift;App/FloatingHUDView.swift;App/GestureCalibrationView.swift;App/GlobalShortcutManager.swift;App/GraphCanvasView.swift;App/GraphExplorerView.swift;App/InlineHUDPanel.swift;App/KeyboardMousePreviewSheet.swift;App/LCSDiff.swift;App/LaunchAtLogin.swift;App/LivePreviewPaneView.swift;App/MailDraftPreviewSheet.swift;App/MailInboxPreviewSheet.swift;App/MessagesChatsPreviewSheet.swift;App/MessagesDraftPreviewSheet.swift;App/NotesCreatePreviewSheet.swift;App/NotesListPreviewSheet.swift;App/OiloopApp.swift;App/OnboardingSettings.swift;App/OnboardingView.swift;App/PlanExecutionMonitorView.swift;App/PresenceSettings.swift;App/PreviewGestureShortcuts.swift;App/RemindersCreatePreviewSheet.swift;App/RemindersListPreviewSheet.swift;App/SafariTabPreviewSheet.swift;App/ScreenshotPreviewSheet.swift;App/SettingsView.swift;App/ShellPreviewSheet.swift;App/TerminalPanel.swift;App/UsageAnalyticsDashboardView.swift;App/WritingToolsHUDView.swift;Core/LLM/FIMCompletionClient.swift;Core/LLM/GeminiLLMClient.swift;Core/LLM/LLMClient.swift;Core/LLM/LocalLLMSettings.swift;Core/LLM/MockLLMClient.swift;Core/LLM/OllamaLLMClient.swift;Core/LLM/OpenAILLMClient.swift;Core/Memory/DatabaseSettings.swift;Core/Memory/EpisodeSummarizer.swift;Core/Memory/EpisodicMemoryManager.swift;Core/Memory/LocalEmbeddingsService.swift;Core/Memory/MemoryStore.swift;Core/Memory/Models.swift;Core/Memory/ScreenContextModels.swift;Core/Memory/SemanticIndexManager.swift;Core/Memory/SymbolicParser.swift;Core/Memory/TimelineModels.swift;Core/Memory/UserDataService.swift;Core/Orchestrator/AgentCriticService.swift;Core/Orchestrator/AgentLoopModels.swift;Core/Orchestrator/AgentTaskModels.swift;Core/Orchestrator/ChatOrchestrator.swift (partial),,"The structure of Telegram and Slack connector drafts is not explicitly detailed in the provided context. However, based on the naming conventions and typical usage patterns, we can infer the following:

- **Telegram Draft Structure**:
  - Likely includes fields such as:
    - `recipient`: The chat ID or username of the recipient.
    - `message`: The content of the message to be sent.
    - `attachments`: Any media or files to be included with the message (if applicable).
    - `replyMarkup`: Inline keyboard or other interactive elements (if applicable).

- **Slack Draft Structure**:
  - Likely includes fields such as:
    - `channel`: The ID or name of the Slack channel where the message will be sent.
    - `message`: The content of the message to be sent.
    - `attachments`: Any files or media to be included (if applicable).
    - `blocks`: For rich message formatting using Slack's Block Kit (if applicable).

To provide a more accurate structure, specific details about the `ConnectorDraftPlan` for Telegram and Slack would be needed, including the exact fields and their types.",3401,76659,230,gpt-4o-mini,1,true,1,3,Candidate infers details not present in gold criteria and misses key points.
OL11,communication,B,How are Telegram and Slack connector drafts structured?,17598,4400,context-os/cores/communication-core.md;Core/Orchestrator/MailService.swift (structure);Core/Orchestrator/MessagesService.swift (structure);Core/Routine/RoutineConnectorService.swift (structure),communication-core,"The drafts for Telegram and Slack connectors are managed by the `RoutineConnectorService`. Here’s how they are structured:

### Telegram Connector Drafts
- **Draft Previews**: Managed within the `ConnectorPreviewSheet`.
- **Sending**: Requires a manual ""Send Message"" trigger click to send the draft.

### Slack Connector Drafts
- **Draft Previews**: Also managed within the `ConnectorPreviewSheet`.
- **Sending**: Similar to Telegram, it requires a manual ""Send Message"" trigger click to send the draft.

### Common Features
- Both connectors utilize bot tokens or chat IDs stored in user settings.
- Drafts are presented for user confirmation before sending. 

No specific structural details about the content of the drafts are provided in the context.",2751,5489,155,gpt-4o-mini,3,false,2,4,"Answer is accurate and complete, but lacks specific structural details."
OL11,communication,C,How are Telegram and Slack connector drafts structured?,41895,10474,Tests/OiloopTests/ConnectorDispatchTests.swift;Resources/cores/communication-core.md;context-os/cores/communication-core.md;App/ConnectorPreviewSheet.swift;Tests/OiloopTests/ConnectorTests.swift;App/ChatExperienceView.swift;Core/Routine/RoutineConnectorService.swift;Resources/cores/personal-core.md,,"The structure of Telegram and Slack connector drafts is not explicitly detailed in the provided context. However, the following can be inferred based on the available information:

- **Telegram Connector Draft**:
  - Managed by `RoutineConnectorService`.
  - Requires a bot token and chat ID for configuration.
  - Drafts are likely structured to include message content and possibly metadata related to the chat.

- **Slack Connector Draft**:
  - Also managed by `RoutineConnectorService`.
  - Requires a token and channel for configuration.
  - Drafts may include message content and relevant metadata for the Slack channel.

For specific details on the exact structure of the drafts, such as properties and data types, additional context or documentation would be needed.",5332,9165,146,gpt-4o-mini,2,false,1,3,Candidate provides some correct information but lacks full details and specific structure.
OL12,communication,A,Why can Oiloop not directly send Apple Messages via an API?,400000,100000,App/AppRootView.swift;App/AppWindowActivation.swift;App/ChatExperienceView.swift;App/ConnectorPreviewSheet.swift;App/ContentView.swift;App/DiagnosticsDashboardView.swift;App/FilePreviewSheet.swift;App/FileWritePreviewSheet.swift;App/FloatingHUDView.swift;App/GestureCalibrationView.swift;App/GlobalShortcutManager.swift;App/GraphCanvasView.swift;App/GraphExplorerView.swift;App/InlineHUDPanel.swift;App/KeyboardMousePreviewSheet.swift;App/LCSDiff.swift;App/LaunchAtLogin.swift;App/LivePreviewPaneView.swift;App/MailDraftPreviewSheet.swift;App/MailInboxPreviewSheet.swift;App/MessagesChatsPreviewSheet.swift;App/MessagesDraftPreviewSheet.swift;App/NotesCreatePreviewSheet.swift;App/NotesListPreviewSheet.swift;App/OiloopApp.swift;App/OnboardingSettings.swift;App/OnboardingView.swift;App/PlanExecutionMonitorView.swift;App/PresenceSettings.swift;App/PreviewGestureShortcuts.swift;App/RemindersCreatePreviewSheet.swift;App/RemindersListPreviewSheet.swift;App/SafariTabPreviewSheet.swift;App/ScreenshotPreviewSheet.swift;App/SettingsView.swift;App/ShellPreviewSheet.swift;App/TerminalPanel.swift;App/UsageAnalyticsDashboardView.swift;App/WritingToolsHUDView.swift;Core/LLM/FIMCompletionClient.swift;Core/LLM/GeminiLLMClient.swift;Core/LLM/LLMClient.swift;Core/LLM/LocalLLMSettings.swift;Core/LLM/MockLLMClient.swift;Core/LLM/OllamaLLMClient.swift;Core/LLM/OpenAILLMClient.swift;Core/Memory/DatabaseSettings.swift;Core/Memory/EpisodeSummarizer.swift;Core/Memory/EpisodicMemoryManager.swift;Core/Memory/LocalEmbeddingsService.swift;Core/Memory/MemoryStore.swift;Core/Memory/Models.swift;Core/Memory/ScreenContextModels.swift;Core/Memory/SemanticIndexManager.swift;Core/Memory/SymbolicParser.swift;Core/Memory/TimelineModels.swift;Core/Memory/UserDataService.swift;Core/Orchestrator/AgentCriticService.swift;Core/Orchestrator/AgentLoopModels.swift;Core/Orchestrator/AgentTaskModels.swift;Core/Orchestrator/ChatOrchestrator.swift (partial),,"Oiloop cannot directly send Apple Messages via an API because:

- Apple Messages does not provide a public API for sending messages programmatically.
- Oiloop respects user privacy and security, ensuring that no messages are sent automatically without user confirmation.
- The design of Oiloop requires user interaction for sending messages, which aligns with Apple's privacy policies.",2290,76664,70,gpt-4o-mini,2,false,1,4,The answer is mostly correct but misses details about clipboard usage and the need for manual pasting.
OL12,communication,B,Why can Oiloop not directly send Apple Messages via an API?,26130,6533,context-os/cores/communication-core.md;Core/Orchestrator/MailService.swift (structure);Tools/MailTools/CustomMailReader.swift (structure);Core/Orchestrator/MessagesService.swift (structure);Core/Routine/RoutineConnectorService.swift (structure);Tools/MailTools/MailReader.swift (structure);context-os/cores/system-control-core.md;Tools/RemindersTools/RemindersReader.swift (structure),communication-core;system-control-core,"Oiloop cannot directly send Apple Messages via an API due to the following reason:

- **Lack of Public API**: There is no public API available for background silent sends of iMessages on macOS, which restricts automated sending without user interaction.",1043,7802,52,gpt-4o-mini,2,false,1,3,The answer correctly identifies the lack of a public API but misses details about how Oiloop stages drafts and requires user interaction.
OL12,communication,C,Why can Oiloop not directly send Apple Messages via an API?,30970,7743,Resources/cores/communication-core.md;context-os/cores/communication-core.md;docs/PRIVACY.md;docs/RELEASE.md;App/AppWindowActivation.swift;Tools/MailTools/MailModels.swift;Tools/MessagesTools/MessagesModels.swift;docs/DEVELOPMENT.md,,"Oiloop cannot directly send Apple Messages via an API due to the lack of a public API for background silent sends on macOS. Instead, it stages drafts on the system pasteboard/clipboard, requiring the user to manually paste and send the message.",1170,7615,51,gpt-4o-mini,3,false,2,4,"The answer is accurate and complete, but it misses mentioning the use of openURL or NSWorkspace."
OL13,systemControl,A,How does Oiloop safely run terminal shell commands?,400000,100000,App/AppRootView.swift;App/AppWindowActivation.swift;App/ChatExperienceView.swift;App/ConnectorPreviewSheet.swift;App/ContentView.swift;App/DiagnosticsDashboardView.swift;App/FilePreviewSheet.swift;App/FileWritePreviewSheet.swift;App/FloatingHUDView.swift;App/GestureCalibrationView.swift;App/GlobalShortcutManager.swift;App/GraphCanvasView.swift;App/GraphExplorerView.swift;App/InlineHUDPanel.swift;App/KeyboardMousePreviewSheet.swift;App/LCSDiff.swift;App/LaunchAtLogin.swift;App/LivePreviewPaneView.swift;App/MailDraftPreviewSheet.swift;App/MailInboxPreviewSheet.swift;App/MessagesChatsPreviewSheet.swift;App/MessagesDraftPreviewSheet.swift;App/NotesCreatePreviewSheet.swift;App/NotesListPreviewSheet.swift;App/OiloopApp.swift;App/OnboardingSettings.swift;App/OnboardingView.swift;App/PlanExecutionMonitorView.swift;App/PresenceSettings.swift;App/PreviewGestureShortcuts.swift;App/RemindersCreatePreviewSheet.swift;App/RemindersListPreviewSheet.swift;App/SafariTabPreviewSheet.swift;App/ScreenshotPreviewSheet.swift;App/SettingsView.swift;App/ShellPreviewSheet.swift;App/TerminalPanel.swift;App/UsageAnalyticsDashboardView.swift;App/WritingToolsHUDView.swift;Core/LLM/FIMCompletionClient.swift;Core/LLM/GeminiLLMClient.swift;Core/LLM/LLMClient.swift;Core/LLM/LocalLLMSettings.swift;Core/LLM/MockLLMClient.swift;Core/LLM/OllamaLLMClient.swift;Core/LLM/OpenAILLMClient.swift;Core/Memory/DatabaseSettings.swift;Core/Memory/EpisodeSummarizer.swift;Core/Memory/EpisodicMemoryManager.swift;Core/Memory/LocalEmbeddingsService.swift;Core/Memory/MemoryStore.swift;Core/Memory/Models.swift;Core/Memory/ScreenContextModels.swift;Core/Memory/SemanticIndexManager.swift;Core/Memory/SymbolicParser.swift;Core/Memory/TimelineModels.swift;Core/Memory/UserDataService.swift;Core/Orchestrator/AgentCriticService.swift;Core/Orchestrator/AgentLoopModels.swift;Core/Orchestrator/AgentTaskModels.swift;Core/Orchestrator/ChatOrchestrator.swift (partial),,"The Oiloop project safely runs terminal shell commands by implementing the following practices:

- **User Confirmation**: Before executing any shell command, Oiloop presents a review screen (e.g., `ShellPreviewSheet`) where users can verify the command details.
- **User Permissions**: Shell commands run with the user's permissions, ensuring that the user is aware of the actions being taken.
- **Error Handling**: The system includes error handling to manage any issues that arise during command execution, providing feedback to the user.
- **Audit Logging**: Actions taken by shell commands are logged, allowing for tracking and accountability.
- **User Interface**: The interface provides clear warnings about the implications of running shell commands, ensuring users understand the risks involved.

These measures help mitigate risks associated with executing shell commands, ensuring that users maintain control over the actions performed by the application.",3204,76661,175,gpt-4o-mini,2,false,1,4,The answer covers key points but misses specific details about the use of /bin/zsh and SQLite logging.
OL13,systemControl,B,How does Oiloop safely run terminal shell commands?,47081,11771,context-os/cores/system-control-core.md;Tools/RemindersTools/RemindersReader.swift (structure);Core/Spatial/GestureEngine.swift (structure);Tools/ScreenshotTools/ScreenshotCapturer.swift (structure);Core/Spatial/InputFusion.swift (structure);context-os/cores/personal-core.md;Core/Memory/MemoryStore.swift (structure);Core/Persona/PersonaSettings.swift (structure);Core/Persona/SystemPromptBuilder.swift (structure);Core/Voice/VoiceService.swift (structure);Core/Proactive/DeveloperProactiveMonitor.swift (structure);Core/Memory/UserDataService.swift (structure);Core/Memory/EpisodeSummarizer.swift (structure);Core/Orchestrator/ChatOrchestrator.swift (structure),system-control-core;personal-core,"Oiloop safely runs terminal shell commands through the following mechanisms:

- **Shell Execution Validation**: 
  - Utilizes `ShellExecutor` to spawn a `/bin/zsh` subprocess.
  - Requires explicit user confirmation in `ShellPreviewSheet` before execution.
  - Limits commands to user-level execution privileges.

- **Logging**: 
  - Logs all executed commands in an SQLite `audit_log` under the `shell_exec` action.

These measures ensure that commands are validated, confirmed, and logged, enhancing security and accountability.",5060,14402,109,gpt-4o-mini,3,false,2,5,Answer fully aligns with gold criteria and provides clear reasoning.
OL13,systemControl,C,How does Oiloop safely run terminal shell commands?,34526,8632,Core/Routine/ScheduledDigestBuilder.swift;docs/RELEASE.md;App/GlobalShortcutManager.swift;Resources/cores/system-control-core.md;Tests/OiloopTests/ContextRouterTests.swift;context-os/cores/system-control-core.md;docs/DEVELOPMENT.md;Resources/cores/browsing-core.md,,"Oiloop safely runs terminal shell commands through the following mechanisms:

- **Shell Execution Validation**: 
  - Utilizes `ShellExecutor` to spawn a subprocess with `/bin/zsh`.
  - Requires explicit user confirmation in `ShellPreviewSheet` before executing any command.
  - Limits commands to user-level execution privileges.

- **Logging**: 
  - Logs all executed commands in an SQLite `audit_log` under the `shell_exec` action.

These measures ensure that commands are validated and confirmed by the user, enhancing security and preventing unauthorized execution.",1971,8024,113,gpt-4o-mini,3,false,2,5,Answer fully aligns with gold criteria and provides clear reasoning.
OL14,systemControl,A,What framework is used to simulate keyboard and mouse clicks?,400000,100000,App/AppRootView.swift;App/AppWindowActivation.swift;App/ChatExperienceView.swift;App/ConnectorPreviewSheet.swift;App/ContentView.swift;App/DiagnosticsDashboardView.swift;App/FilePreviewSheet.swift;App/FileWritePreviewSheet.swift;App/FloatingHUDView.swift;App/GestureCalibrationView.swift;App/GlobalShortcutManager.swift;App/GraphCanvasView.swift;App/GraphExplorerView.swift;App/InlineHUDPanel.swift;App/KeyboardMousePreviewSheet.swift;App/LCSDiff.swift;App/LaunchAtLogin.swift;App/LivePreviewPaneView.swift;App/MailDraftPreviewSheet.swift;App/MailInboxPreviewSheet.swift;App/MessagesChatsPreviewSheet.swift;App/MessagesDraftPreviewSheet.swift;App/NotesCreatePreviewSheet.swift;App/NotesListPreviewSheet.swift;App/OiloopApp.swift;App/OnboardingSettings.swift;App/OnboardingView.swift;App/PlanExecutionMonitorView.swift;App/PresenceSettings.swift;App/PreviewGestureShortcuts.swift;App/RemindersCreatePreviewSheet.swift;App/RemindersListPreviewSheet.swift;App/SafariTabPreviewSheet.swift;App/ScreenshotPreviewSheet.swift;App/SettingsView.swift;App/ShellPreviewSheet.swift;App/TerminalPanel.swift;App/UsageAnalyticsDashboardView.swift;App/WritingToolsHUDView.swift;Core/LLM/FIMCompletionClient.swift;Core/LLM/GeminiLLMClient.swift;Core/LLM/LLMClient.swift;Core/LLM/LocalLLMSettings.swift;Core/LLM/MockLLMClient.swift;Core/LLM/OllamaLLMClient.swift;Core/LLM/OpenAILLMClient.swift;Core/Memory/DatabaseSettings.swift;Core/Memory/EpisodeSummarizer.swift;Core/Memory/EpisodicMemoryManager.swift;Core/Memory/LocalEmbeddingsService.swift;Core/Memory/MemoryStore.swift;Core/Memory/Models.swift;Core/Memory/ScreenContextModels.swift;Core/Memory/SemanticIndexManager.swift;Core/Memory/SymbolicParser.swift;Core/Memory/TimelineModels.swift;Core/Memory/UserDataService.swift;Core/Orchestrator/AgentCriticService.swift;Core/Orchestrator/AgentLoopModels.swift;Core/Orchestrator/AgentTaskModels.swift;Core/Orchestrator/ChatOrchestrator.swift (partial),,"The framework used to simulate keyboard and mouse clicks in the Oiloop project is not explicitly mentioned in the provided context. However, it is indicated that there is a `KeyboardMouseExecutor` class, which suggests that it may handle keyboard and mouse event simulation. Further details about the specific framework or implementation are not available in the provided context.",2022,76661,68,gpt-4o-mini,1,false,1,2,The answer identifies the class but lacks specific details about the framework and its functionality.
OL14,systemControl,B,What framework is used to simulate keyboard and mouse clicks?,8159,2040,context-os/cores/system-control-core.md;Tools/RemindersTools/RemindersReader.swift (structure);Core/Spatial/GestureEngine.swift (structure);Tools/ScreenshotTools/ScreenshotCapturer.swift (structure);Core/Spatial/InputFusion.swift (structure),system-control-core,"- The framework used to simulate keyboard and mouse clicks is CoreGraphics, specifically the `CGEvent` API.",937,2195,22,gpt-4o-mini,2,false,1,3,Mentions CoreGraphics and CGEvent API but lacks details on specific methods and Accessibility API permission.
OL14,systemControl,C,What framework is used to simulate keyboard and mouse clicks?,34723,8681,Resources/cores/system-control-core.md;context-os/cores/system-control-core.md;Tools/KeyboardMouseTools/KeyboardMouseExecutor.swift;Tools/KeyboardMouseTools/KeyboardMouseIntentParser.swift;Tools/KeyboardMouseTools/KeyboardMouseSettings.swift;App/KeyboardMousePreviewSheet.swift;Tests/OiloopTests/KeyboardMouseTests.swift;context-os/router/question-router.md,,"The framework used to simulate keyboard and mouse clicks is:

- **CoreGraphics**: Specifically, the `CGEvent` API is utilized for simulating mouse events and keyboard events.",1407,8216,36,gpt-4o-mini,2,false,1,4,The answer correctly identifies CoreGraphics and CGEvent API but misses details about specific methods and Accessibility API permission.
OL15,systemControl,A,How does EventKit Reminders authorization avoid freezing Oiloop in background mode?,400000,100000,App/AppRootView.swift;App/AppWindowActivation.swift;App/ChatExperienceView.swift;App/ConnectorPreviewSheet.swift;App/ContentView.swift;App/DiagnosticsDashboardView.swift;App/FilePreviewSheet.swift;App/FileWritePreviewSheet.swift;App/FloatingHUDView.swift;App/GestureCalibrationView.swift;App/GlobalShortcutManager.swift;App/GraphCanvasView.swift;App/GraphExplorerView.swift;App/InlineHUDPanel.swift;App/KeyboardMousePreviewSheet.swift;App/LCSDiff.swift;App/LaunchAtLogin.swift;App/LivePreviewPaneView.swift;App/MailDraftPreviewSheet.swift;App/MailInboxPreviewSheet.swift;App/MessagesChatsPreviewSheet.swift;App/MessagesDraftPreviewSheet.swift;App/NotesCreatePreviewSheet.swift;App/NotesListPreviewSheet.swift;App/OiloopApp.swift;App/OnboardingSettings.swift;App/OnboardingView.swift;App/PlanExecutionMonitorView.swift;App/PresenceSettings.swift;App/PreviewGestureShortcuts.swift;App/RemindersCreatePreviewSheet.swift;App/RemindersListPreviewSheet.swift;App/SafariTabPreviewSheet.swift;App/ScreenshotPreviewSheet.swift;App/SettingsView.swift;App/ShellPreviewSheet.swift;App/TerminalPanel.swift;App/UsageAnalyticsDashboardView.swift;App/WritingToolsHUDView.swift;Core/LLM/FIMCompletionClient.swift;Core/LLM/GeminiLLMClient.swift;Core/LLM/LLMClient.swift;Core/LLM/LocalLLMSettings.swift;Core/LLM/MockLLMClient.swift;Core/LLM/OllamaLLMClient.swift;Core/LLM/OpenAILLMClient.swift;Core/Memory/DatabaseSettings.swift;Core/Memory/EpisodeSummarizer.swift;Core/Memory/EpisodicMemoryManager.swift;Core/Memory/LocalEmbeddingsService.swift;Core/Memory/MemoryStore.swift;Core/Memory/Models.swift;Core/Memory/ScreenContextModels.swift;Core/Memory/SemanticIndexManager.swift;Core/Memory/SymbolicParser.swift;Core/Memory/TimelineModels.swift;Core/Memory/UserDataService.swift;Core/Orchestrator/AgentCriticService.swift;Core/Orchestrator/AgentLoopModels.swift;Core/Orchestrator/AgentTaskModels.swift;Core/Orchestrator/ChatOrchestrator.swift (partial),,The provided context does not contain information about how EventKit Reminders authorization is handled in the Oiloop project or how it avoids freezing the application in background mode. Additional details regarding the implementation of EventKit Reminders and its interaction with the Oiloop app's background processes are needed to answer this question.,1845,76666,62,gpt-4o-mini,0,false,0,1,The answer does not address the question and lacks relevant information.
OL15,systemControl,B,How does EventKit Reminders authorization avoid freezing Oiloop in background mode?,12772,3193,context-os/cores/system-control-core.md;Tools/RemindersTools/RemindersReader.swift (structure);context-os/cores/workspace-core.md;Tools/FileTools/FileModels.swift (structure),system-control-core;workspace-core,"EventKit Reminders authorization avoids freezing Oiloop in background mode by implementing the following:

- **Headless Mode Check**: The `RemindersReader` checks for the `--headless` command line argument.
- **Immediate Return**: If the authorization status is `notDetermined` and the application is running in headless mode, it returns `false` (or empty) immediately.
- **No Prompting**: This approach prevents prompting the user for permissions, which could block the application and cause freezes when running as a background agent.",1642,3192,112,gpt-4o-mini,3,false,2,5,The answer accurately covers all key points from the gold criteria.
OL15,systemControl,C,How does EventKit Reminders authorization avoid freezing Oiloop in background mode?,48901,12226,context-os/cores/system-control-core.md;App/GlobalShortcutManager.swift;docs/PRD-DEVELOPER-ASSISTANT-UPGRADE.md;Core/Reminders/ReminderService.swift;Core/Reminders/RemindersService.swift;Resources/cores/system-control-core.md;Tools/RemindersTools/RemindersReader.swift;Tools/RemindersTools/RemindersModels.swift;Core/Proactive/CalendarService.swift;context-os/cores/workspace-core.md;context-os/cores/browsing-core.md,,"EventKit Reminders authorization avoids freezing Oiloop in background mode by implementing the following strategy:

- **Headless Mode Detection**: The `RemindersReader` checks for the `--headless` command line argument.
- **Immediate Return**: If the application is running in headless mode and the authorization status is `notDetermined`, it returns `false` (or empty) immediately without prompting the user for permissions.
- **Prevention of Blocking**: This approach prevents the application from being blocked by macOS permissions popups, which can occur if the app attempts to request access without user interaction in a headless context. 

This mechanism ensures that Oiloop can operate smoothly without interruptions in background mode.",3294,11039,146,gpt-4o-mini,2,false,2,4,The answer is mostly correct but misses the fullAccess checks and the LaunchAgent detail.
OL16,systemControl,A,How does the hand gesture camera stream recognize confirm or cancel commands?,400000,100000,App/AppRootView.swift;App/AppWindowActivation.swift;App/ChatExperienceView.swift;App/ConnectorPreviewSheet.swift;App/ContentView.swift;App/DiagnosticsDashboardView.swift;App/FilePreviewSheet.swift;App/FileWritePreviewSheet.swift;App/FloatingHUDView.swift;App/GestureCalibrationView.swift;App/GlobalShortcutManager.swift;App/GraphCanvasView.swift;App/GraphExplorerView.swift;App/InlineHUDPanel.swift;App/KeyboardMousePreviewSheet.swift;App/LCSDiff.swift;App/LaunchAtLogin.swift;App/LivePreviewPaneView.swift;App/MailDraftPreviewSheet.swift;App/MailInboxPreviewSheet.swift;App/MessagesChatsPreviewSheet.swift;App/MessagesDraftPreviewSheet.swift;App/NotesCreatePreviewSheet.swift;App/NotesListPreviewSheet.swift;App/OiloopApp.swift;App/OnboardingSettings.swift;App/OnboardingView.swift;App/PlanExecutionMonitorView.swift;App/PresenceSettings.swift;App/PreviewGestureShortcuts.swift;App/RemindersCreatePreviewSheet.swift;App/RemindersListPreviewSheet.swift;App/SafariTabPreviewSheet.swift;App/ScreenshotPreviewSheet.swift;App/SettingsView.swift;App/ShellPreviewSheet.swift;App/TerminalPanel.swift;App/UsageAnalyticsDashboardView.swift;App/WritingToolsHUDView.swift;Core/LLM/FIMCompletionClient.swift;Core/LLM/GeminiLLMClient.swift;Core/LLM/LLMClient.swift;Core/LLM/LocalLLMSettings.swift;Core/LLM/MockLLMClient.swift;Core/LLM/OllamaLLMClient.swift;Core/LLM/OpenAILLMClient.swift;Core/Memory/DatabaseSettings.swift;Core/Memory/EpisodeSummarizer.swift;Core/Memory/EpisodicMemoryManager.swift;Core/Memory/LocalEmbeddingsService.swift;Core/Memory/MemoryStore.swift;Core/Memory/Models.swift;Core/Memory/ScreenContextModels.swift;Core/Memory/SemanticIndexManager.swift;Core/Memory/SymbolicParser.swift;Core/Memory/TimelineModels.swift;Core/Memory/UserDataService.swift;Core/Orchestrator/AgentCriticService.swift;Core/Orchestrator/AgentLoopModels.swift;Core/Orchestrator/AgentTaskModels.swift;Core/Orchestrator/ChatOrchestrator.swift (partial),,"The hand gesture camera stream recognizes confirm or cancel commands through specific gestures:

- **Open Palm Gesture**: 
  - Holding an open palm for a duration (e.g., 1 second) is used to stop or pause assistant speech.

- **Fist Gesture**: 
  - A fist gesture followed by an open hand gesture is used to confirm an action.

- **Both Hands Down Gesture**: 
  - This gesture is used to cancel a preview or action.

- **Phone at Ear Gesture**: 
  - This gesture activates push-to-talk functionality.

These gestures are processed by the gesture engine, which interprets them and triggers the corresponding commands in the application.",2447,76663,137,gpt-4o-mini,1,true,1,3,Candidate includes gestures not mentioned in gold criteria and misinterprets some gestures.
OL16,systemControl,B,How does the hand gesture camera stream recognize confirm or cancel commands?,45271,11318,context-os/cores/system-control-core.md;Core/Spatial/GestureEngine.swift (structure);Core/Spatial/InputFusion.swift (structure);context-os/cores/personal-core.md;Core/Memory/MemoryStore.swift (structure);Core/Persona/PersonaSettings.swift (structure);Core/Persona/SystemPromptBuilder.swift (structure);Core/Voice/VoiceService.swift (structure);Core/Proactive/DeveloperProactiveMonitor.swift (structure);Core/Memory/UserDataService.swift (structure);Core/Memory/EpisodeSummarizer.swift (structure);Core/Orchestrator/ChatOrchestrator.swift (structure),system-control-core;personal-core,"The hand gesture camera stream recognizes confirm or cancel commands through the following process:

- **Gesture Detection**: The `GestureEngine` captures local camera frames using `AVCaptureSession`.
- **Pose Analysis**: It analyzes hand poses using `VNDetectHumanHandPoseRequest`.
- **Gesture Mapping**:
  - An open palm gesture is mapped to a ""pause"" command.
  - A fist-to-open gesture is mapped to a ""confirm"" command.
- **Event Routing**: The `InputFusion` component routes the detected gesture events to activate SwiftUI sheets for confirmation or cancellation actions.",2982,13822,120,gpt-4o-mini,3,false,2,5,The answer accurately reflects the gold criteria with no gaps or hallucinations.
OL16,systemControl,C,How does the hand gesture camera stream recognize confirm or cancel commands?,29404,7351,docs/COMPANION.md;Resources/cores/system-control-core.md;context-os/cores/system-control-core.md;Core/Spatial/GestureEngine.swift;docs/PRIVACY.md;Resources/cores/workspace-core.md;docs/GESTURES.md;Core/Spatial/InputFusion.swift,,"The hand gesture camera stream recognizes confirm or cancel commands through the following process:

- **Gesture Detection**: The `GestureEngine` captures local camera frames using `AVCaptureSession` and analyzes hand poses with `VNDetectHumanHandPoseRequest`.
- **Gesture Classification**: The `HandGestureClassifier` classifies the detected hand poses into specific actions:
  - **Fist to Open**: Recognized as a confirm action.
  - **Closed Fist**: Recognized as a cancel action.
- **Event Routing**: The `InputFusion` class routes the recognized gestures to trigger corresponding UI actions:
  - If the gesture is a confirm action, it posts a notification to confirm the preview.
  - If the gesture is a cancel action, it posts a notification to cancel the preview.

This process ensures that gestures are processed locally, with no video streaming or cloud storage involved.",2768,6716,180,gpt-4o-mini,2,true,2,4,"Candidate introduces 'HandGestureClassifier' and 'Closed Fist' for cancel, which are not in gold."
OL17,systemControl,A,What is used to parse natural language deadlines like 'tomorrow at 5pm'?,400000,100000,App/AppRootView.swift;App/AppWindowActivation.swift;App/ChatExperienceView.swift;App/ConnectorPreviewSheet.swift;App/ContentView.swift;App/DiagnosticsDashboardView.swift;App/FilePreviewSheet.swift;App/FileWritePreviewSheet.swift;App/FloatingHUDView.swift;App/GestureCalibrationView.swift;App/GlobalShortcutManager.swift;App/GraphCanvasView.swift;App/GraphExplorerView.swift;App/InlineHUDPanel.swift;App/KeyboardMousePreviewSheet.swift;App/LCSDiff.swift;App/LaunchAtLogin.swift;App/LivePreviewPaneView.swift;App/MailDraftPreviewSheet.swift;App/MailInboxPreviewSheet.swift;App/MessagesChatsPreviewSheet.swift;App/MessagesDraftPreviewSheet.swift;App/NotesCreatePreviewSheet.swift;App/NotesListPreviewSheet.swift;App/OiloopApp.swift;App/OnboardingSettings.swift;App/OnboardingView.swift;App/PlanExecutionMonitorView.swift;App/PresenceSettings.swift;App/PreviewGestureShortcuts.swift;App/RemindersCreatePreviewSheet.swift;App/RemindersListPreviewSheet.swift;App/SafariTabPreviewSheet.swift;App/ScreenshotPreviewSheet.swift;App/SettingsView.swift;App/ShellPreviewSheet.swift;App/TerminalPanel.swift;App/UsageAnalyticsDashboardView.swift;App/WritingToolsHUDView.swift;Core/LLM/FIMCompletionClient.swift;Core/LLM/GeminiLLMClient.swift;Core/LLM/LLMClient.swift;Core/LLM/LocalLLMSettings.swift;Core/LLM/MockLLMClient.swift;Core/LLM/OllamaLLMClient.swift;Core/LLM/OpenAILLMClient.swift;Core/Memory/DatabaseSettings.swift;Core/Memory/EpisodeSummarizer.swift;Core/Memory/EpisodicMemoryManager.swift;Core/Memory/LocalEmbeddingsService.swift;Core/Memory/MemoryStore.swift;Core/Memory/Models.swift;Core/Memory/ScreenContextModels.swift;Core/Memory/SemanticIndexManager.swift;Core/Memory/SymbolicParser.swift;Core/Memory/TimelineModels.swift;Core/Memory/UserDataService.swift;Core/Orchestrator/AgentCriticService.swift;Core/Orchestrator/AgentLoopModels.swift;Core/Orchestrator/AgentTaskModels.swift;Core/Orchestrator/ChatOrchestrator.swift (partial),,The context provided does not contain information about parsing natural language deadlines like 'tomorrow at 5pm'. This information is missing.,2826,76667,26,gpt-4o-mini,0,false,0,1,The answer states that information is missing without addressing the parsing methods.
OL17,systemControl,B,What is used to parse natural language deadlines like 'tomorrow at 5pm'?,12998,3250,context-os/cores/system-control-core.md;Tools/RemindersTools/RemindersReader.swift (structure);context-os/cores/workspace-core.md;Core/Proactive/UserRuleParser.swift (structure),system-control-core;workspace-core,"The `RemindersReader.parseDate(from:)` function is used to parse natural language deadlines like ""tomorrow at 5pm"" or ""завтра в 17:00"". It utilizes `NSDataDetector(types: NSTextCheckingResult.CheckingType.date.rawValue)` to achieve this.",1600,3261,59,gpt-4o-mini,3,false,1,4,The answer is mostly correct but does not mention the return type of the function.
OL17,systemControl,C,What is used to parse natural language deadlines like 'tomorrow at 5pm'?,36516,9129,Tests/OiloopTests/RemindersTests.swift;Core/Proactive/UserRuleParser.swift;Core/Orchestrator/SystemHealthService.swift;Tests/OiloopTests/MacroTests.swift;Core/Orchestrator/GitInspectorService.swift;Core/Routine/RoutineMacroParser.swift;Core/Routine/RoutineScheduleParser.swift;Resources/cores/system-control-core.md,,"The `RemindersReader` uses `NSDataDetector(types: NSTextCheckingResult.CheckingType.date.rawValue)` to parse natural language deadlines like ""tomorrow at 5pm"".",1532,8459,36,gpt-4o-mini,2,false,1,3,Mentions NSDataDetector but lacks details on full parsing and localization.
OL18,browsing,A,How are Safari tab titles and URLs fetched?,400000,100000,App/AppRootView.swift;App/AppWindowActivation.swift;App/ChatExperienceView.swift;App/ConnectorPreviewSheet.swift;App/ContentView.swift;App/DiagnosticsDashboardView.swift;App/FilePreviewSheet.swift;App/FileWritePreviewSheet.swift;App/FloatingHUDView.swift;App/GestureCalibrationView.swift;App/GlobalShortcutManager.swift;App/GraphCanvasView.swift;App/GraphExplorerView.swift;App/InlineHUDPanel.swift;App/KeyboardMousePreviewSheet.swift;App/LCSDiff.swift;App/LaunchAtLogin.swift;App/LivePreviewPaneView.swift;App/MailDraftPreviewSheet.swift;App/MailInboxPreviewSheet.swift;App/MessagesChatsPreviewSheet.swift;App/MessagesDraftPreviewSheet.swift;App/NotesCreatePreviewSheet.swift;App/NotesListPreviewSheet.swift;App/OiloopApp.swift;App/OnboardingSettings.swift;App/OnboardingView.swift;App/PlanExecutionMonitorView.swift;App/PresenceSettings.swift;App/PreviewGestureShortcuts.swift;App/RemindersCreatePreviewSheet.swift;App/RemindersListPreviewSheet.swift;App/SafariTabPreviewSheet.swift;App/ScreenshotPreviewSheet.swift;App/SettingsView.swift;App/ShellPreviewSheet.swift;App/TerminalPanel.swift;App/UsageAnalyticsDashboardView.swift;App/WritingToolsHUDView.swift;Core/LLM/FIMCompletionClient.swift;Core/LLM/GeminiLLMClient.swift;Core/LLM/LLMClient.swift;Core/LLM/LocalLLMSettings.swift;Core/LLM/MockLLMClient.swift;Core/LLM/OllamaLLMClient.swift;Core/LLM/OpenAILLMClient.swift;Core/Memory/DatabaseSettings.swift;Core/Memory/EpisodeSummarizer.swift;Core/Memory/EpisodicMemoryManager.swift;Core/Memory/LocalEmbeddingsService.swift;Core/Memory/MemoryStore.swift;Core/Memory/Models.swift;Core/Memory/ScreenContextModels.swift;Core/Memory/SemanticIndexManager.swift;Core/Memory/SymbolicParser.swift;Core/Memory/TimelineModels.swift;Core/Memory/UserDataService.swift;Core/Orchestrator/AgentCriticService.swift;Core/Orchestrator/AgentLoopModels.swift;Core/Orchestrator/AgentTaskModels.swift;Core/Orchestrator/ChatOrchestrator.swift (partial),,"The Safari tab titles and URLs are fetched as part of the `SafariPlan` structure, which is used in the `SafariTabPreviewSheet`. The specific implementation details for fetching the tabs are not provided in the context, but it typically involves accessing the Safari application or its API to retrieve the currently open tabs, including their titles and URLs. 

If you need more specific implementation details or code snippets related to fetching Safari tabs, that information is missing from the provided context.",2216,76659,94,gpt-4o-mini,1,false,1,3,The answer mentions accessing the Safari application but lacks specific details from the gold criteria.
OL18,browsing,B,How are Safari tab titles and URLs fetched?,8901,2226,context-os/cores/browsing-core.md;Tools/SafariTools/SafariReader.swift (structure);Tools/SafariTools/ChromeReader.swift (structure);Core/Orchestrator/SafariService.swift (structure);Tools/SafariTools/BrowserContextReader.swift (structure),browsing-core,"Safari tab titles and URLs are fetched using the following process:

- The `SafariReader` executes JXA/AppleScript scripting commands.
- It queries the properties of Safari windows and tabs.
- The results are processed into an array of `SafariTab` summaries.
- This operation is bypassed if ""Use Safari"" is disabled in the settings.",1220,2627,70,gpt-4o-mini,3,false,2,5,The answer is fully correct and matches the gold criteria.
OL18,browsing,C,How are Safari tab titles and URLs fetched?,34738,8685,context-os/cores/browsing-core.md;Tests/OiloopTests/SafariTests.swift;Core/Orchestrator/TabArchiverService.swift;Resources/cores/browsing-core.md;Tools/SafariTools/SafariModels.swift;Core/Orchestrator/SafariService.swift;Tools/SafariTools/SafariReader.swift;Resources/cores/communication-core.md,,"Safari tab titles and URLs are fetched using the `SafariReader` class, which executes JXA/AppleScript scripting commands. The process involves the following steps:

- The `fetchTabs()` function constructs a JavaScript function that:
  - Checks if Safari is running.
  - Iterates through all open windows and their tabs.
  - Collects the title and URL of each tab.
- The collected data is returned as a JSON string, which is then decoded into an array of `SafariTabSummary` objects containing the title, URL, window index, and tab index.",2660,8042,116,gpt-4o-mini,2,false,1,4,The answer is mostly correct but misses the bypass condition if Safari is disabled.
OL19,browsing,A,How does Oiloop group browser tabs into new windows?,400000,100000,App/AppRootView.swift;App/AppWindowActivation.swift;App/ChatExperienceView.swift;App/ConnectorPreviewSheet.swift;App/ContentView.swift;App/DiagnosticsDashboardView.swift;App/FilePreviewSheet.swift;App/FileWritePreviewSheet.swift;App/FloatingHUDView.swift;App/GestureCalibrationView.swift;App/GlobalShortcutManager.swift;App/GraphCanvasView.swift;App/GraphExplorerView.swift;App/InlineHUDPanel.swift;App/KeyboardMousePreviewSheet.swift;App/LCSDiff.swift;App/LaunchAtLogin.swift;App/LivePreviewPaneView.swift;App/MailDraftPreviewSheet.swift;App/MailInboxPreviewSheet.swift;App/MessagesChatsPreviewSheet.swift;App/MessagesDraftPreviewSheet.swift;App/NotesCreatePreviewSheet.swift;App/NotesListPreviewSheet.swift;App/OiloopApp.swift;App/OnboardingSettings.swift;App/OnboardingView.swift;App/PlanExecutionMonitorView.swift;App/PresenceSettings.swift;App/PreviewGestureShortcuts.swift;App/RemindersCreatePreviewSheet.swift;App/RemindersListPreviewSheet.swift;App/SafariTabPreviewSheet.swift;App/ScreenshotPreviewSheet.swift;App/SettingsView.swift;App/ShellPreviewSheet.swift;App/TerminalPanel.swift;App/UsageAnalyticsDashboardView.swift;App/WritingToolsHUDView.swift;Core/LLM/FIMCompletionClient.swift;Core/LLM/GeminiLLMClient.swift;Core/LLM/LLMClient.swift;Core/LLM/LocalLLMSettings.swift;Core/LLM/MockLLMClient.swift;Core/LLM/OllamaLLMClient.swift;Core/LLM/OpenAILLMClient.swift;Core/Memory/DatabaseSettings.swift;Core/Memory/EpisodeSummarizer.swift;Core/Memory/EpisodicMemoryManager.swift;Core/Memory/LocalEmbeddingsService.swift;Core/Memory/MemoryStore.swift;Core/Memory/Models.swift;Core/Memory/ScreenContextModels.swift;Core/Memory/SemanticIndexManager.swift;Core/Memory/SymbolicParser.swift;Core/Memory/TimelineModels.swift;Core/Memory/UserDataService.swift;Core/Orchestrator/AgentCriticService.swift;Core/Orchestrator/AgentLoopModels.swift;Core/Orchestrator/AgentTaskModels.swift;Core/Orchestrator/ChatOrchestrator.swift (partial),,The context provided does not contain specific information about how Oiloop groups browser tabs into new windows. Details regarding the implementation or functionality for grouping browser tabs are missing.,1731,76662,33,gpt-4o-mini,0,false,0,1,The answer does not address the question and lacks any relevant information.
OL19,browsing,B,How does Oiloop group browser tabs into new windows?,15083,3771,context-os/cores/browsing-core.md;Tools/SafariTools/SafariReader.swift (structure);Tools/SafariTools/ChromeReader.swift (structure);Core/Orchestrator/SafariService.swift (structure);Tools/SafariTools/BrowserContextReader.swift (structure);context-os/cores/system-control-core.md;Tools/RemindersTools/RemindersReader.swift (structure),browsing-core;system-control-core,"Oiloop groups browser tabs into new windows using the following process:

- **Tab Grouping Logic**: Managed by the `SafariService`, which handles the regrouping of open tabs.
- **Grouping Criteria**: Tabs are grouped by domain or category.
- **Execution**: Utilizes AppleScript to create new browser windows with the grouped tabs.
- **Permissions**: Requires Safari Automation permissions to execute the window regrouping commands.",1340,4138,88,gpt-4o-mini,3,false,2,5,Answer is fully correct and well-reasoned.
OL19,browsing,C,How does Oiloop group browser tabs into new windows?,27817,6955,Resources/cores/browsing-core.md;context-os/cores/browsing-core.md;Tools/SafariTools/ChromeReader.swift;Core/Orchestrator/TabArchiverService.swift;Tools/SafariTools/SafariModels.swift;App/GlobalShortcutManager.swift;Tests/OiloopTests/TabArchiverTests.swift;Tests/OiloopTests/FocusModeServiceTests.swift,,"Oiloop groups browser tabs into new windows using the following process:

- **Tab Grouping Logic**: The `SafariService` manages the logic for regrouping open tabs by domain or category.
- **AppleScript Execution**: It executes AppleScript commands to create new browser windows and move the grouped tabs into them.
- **New Window Creation**: For each group of tabs, a new window is created in the browser (Safari or Google Chrome).
- **Tab Movement**: The tabs from the group are moved into the newly created window, with the first tab being set as the initial tab of the new window, and subsequent tabs being added as new tabs.

This process requires Safari Automation permissions for Safari.",1903,6304,144,gpt-4o-mini,2,false,2,4,"The answer is mostly correct but mentions Google Chrome, which is not in the gold criteria."
OL20,browsing,A,What settings controls exist for browser integration?,400000,100000,App/AppRootView.swift;App/AppWindowActivation.swift;App/ChatExperienceView.swift;App/ConnectorPreviewSheet.swift;App/ContentView.swift;App/DiagnosticsDashboardView.swift;App/FilePreviewSheet.swift;App/FileWritePreviewSheet.swift;App/FloatingHUDView.swift;App/GestureCalibrationView.swift;App/GlobalShortcutManager.swift;App/GraphCanvasView.swift;App/GraphExplorerView.swift;App/InlineHUDPanel.swift;App/KeyboardMousePreviewSheet.swift;App/LCSDiff.swift;App/LaunchAtLogin.swift;App/LivePreviewPaneView.swift;App/MailDraftPreviewSheet.swift;App/MailInboxPreviewSheet.swift;App/MessagesChatsPreviewSheet.swift;App/MessagesDraftPreviewSheet.swift;App/NotesCreatePreviewSheet.swift;App/NotesListPreviewSheet.swift;App/OiloopApp.swift;App/OnboardingSettings.swift;App/OnboardingView.swift;App/PlanExecutionMonitorView.swift;App/PresenceSettings.swift;App/PreviewGestureShortcuts.swift;App/RemindersCreatePreviewSheet.swift;App/RemindersListPreviewSheet.swift;App/SafariTabPreviewSheet.swift;App/ScreenshotPreviewSheet.swift;App/SettingsView.swift;App/ShellPreviewSheet.swift;App/TerminalPanel.swift;App/UsageAnalyticsDashboardView.swift;App/WritingToolsHUDView.swift;Core/LLM/FIMCompletionClient.swift;Core/LLM/GeminiLLMClient.swift;Core/LLM/LLMClient.swift;Core/LLM/LocalLLMSettings.swift;Core/LLM/MockLLMClient.swift;Core/LLM/OllamaLLMClient.swift;Core/LLM/OpenAILLMClient.swift;Core/Memory/DatabaseSettings.swift;Core/Memory/EpisodeSummarizer.swift;Core/Memory/EpisodicMemoryManager.swift;Core/Memory/LocalEmbeddingsService.swift;Core/Memory/MemoryStore.swift;Core/Memory/Models.swift;Core/Memory/ScreenContextModels.swift;Core/Memory/SemanticIndexManager.swift;Core/Memory/SymbolicParser.swift;Core/Memory/TimelineModels.swift;Core/Memory/UserDataService.swift;Core/Orchestrator/AgentCriticService.swift;Core/Orchestrator/AgentLoopModels.swift;Core/Orchestrator/AgentTaskModels.swift;Core/Orchestrator/ChatOrchestrator.swift (partial),,"The settings controls for browser integration in the Oiloop project include:

- **Safari Integration:**
  - Toggle to enable or disable the use of Safari.
  
- **Chrome Integration:**
  - Toggle to enable or disable the use of Google Chrome.

- **Keyboard & Mouse Integration:**
  - Toggle to enable or disable the use of keyboard and mouse event simulation.

- **Shell Commands:**
  - Toggle to enable or disable the use of shell commands.

- **Screenshot Capture:**
  - Toggle to enable or disable the use of screenshots.

- **Mail Integration:**
  - Toggle to enable or disable the use of Apple Mail.

- **Messages Integration:**
  - Toggle to enable or disable the use of Apple Messages.

- **Notes Integration:**
  - Toggle to enable or disable the use of Apple Notes.

- **Reminders Integration:**
  - Toggle to enable or disable the use of Apple Reminders.

These settings allow users to control which browser and related services are integrated with the Oiloop application.",3052,76658,211,gpt-4o-mini,1,true,1,2,Candidate includes unrelated settings and misses key details from gold.
OL20,browsing,B,What settings controls exist for browser integration?,8901,2226,context-os/cores/browsing-core.md;Tools/SafariTools/SafariReader.swift (structure);Tools/SafariTools/ChromeReader.swift (structure);Core/Orchestrator/SafariService.swift (structure);Tools/SafariTools/BrowserContextReader.swift (structure),browsing-core,"The settings controls for browser integration in the Oiloop project include:

- **Toggles for Browser Usage**:
  - ""Use Safari""
  - ""Use Google Chrome""

These settings are managed through the `SettingsView` and are saved to settings storage in `MemoryStore`. If the toggles are disabled, the browser check is skipped in briefings.",1487,2626,74,gpt-4o-mini,3,false,2,5,Answer is fully correct and well-reasoned.
OL20,browsing,C,What settings controls exist for browser integration?,71585,17897,context-os/cores/personal-core.md;Resources/cores/personal-core.md;docs/PRIVACY.md;Core/Orchestrator/TabArchiverService.swift;Core/Proactive/CalendarService.swift;docs/LICENSE-POLICY.md;Core/Memory/UserDataService.swift;Core/Orchestrator/ChatOrchestrator.swift;Core/Reminders/RemindersService.swift;Core/Persona/SystemPromptBuilder.swift;App/OiloopApp.swift;README.md;context-os/cores/workspace-core.md;context-os/cores/communication-core.md;Tools/RemindersTools/RemindersReader.swift,,"The settings controls for browser integration in Oiloop include:

- **Browser Automation Settings**: Users can enable or disable browser automation for Safari and Chrome through the application settings.
- **Safari Settings**: Specific settings for Safari can be managed, including enabling or disabling the fetching and closing of tabs.
- **Chrome Settings**: Similar to Safari, settings for Chrome can be configured to allow fetching and closing of tabs.
- **User Confirmation**: Any actions related to browser tab management require user confirmation, ensuring no silent operations occur without explicit user consent. 

These settings are accessible under **Settings → Routine automation**.",2122,15992,124,gpt-4o-mini,1,true,1,3,Candidate mentions features not in gold criteria and misses key points.
